Entity1,Entity2,Strength,Content
粉丝,工业明胶,1,后，姜宏战使用自刘明光处购买的工业明胶生产粉丝409.6吨并销售，销售金额131万余元。
猪头肉,工业明胶,1,其间，姜宏战还向被告人江崇雪转售工业明胶3.5吨用于生产猪头肉、猪拱，销售金额7万余元。
大葱,甲拌磷,1,　　案例7：种植大葱使用农药甲拌磷
牛肚,工业用火碱,1,　　案例9：用工业用火碱浸泡牛肚
面条汤料,罂粟壳,1,　　案例12：面条汤料中添加罂粟壳
牛奶,金黄色葡萄球菌,1,有研究者使用NASBA技术进行牛奶中金黄色葡萄球菌，检出限分别为1～10cfu/mL。
牛奶,沙门氏菌,1,Chunglok等人使用单层的碳纳米管作为抗固定化载体，检测了牛奶中的鼠伤寒沙门氏菌，检出限比其他免疫学方法低了2个log值。
肉制品,亚硝酸盐,1,肉制品的腌制过程中正确使用亚硝酸盐，不仅可以保证肉类的口感，而且可以使其在视觉上保持原来的鲜艳颜色，这是因为亚硝酸盐在酸性环境下发生化学反应，亚硝酸盐中的亚硝基在常温环境下可以快速与环境中的氧发生反应，将肌红蛋白分子中的二价铁离子进行置换，生成了一氧化氮肌红蛋白，含有丰富的铁离子，保持肉质的稳定性不容易被分解，所以即使在加热以后仍然可以保持红润色彩。
腌制食品,亚硝酸盐,1,亚硝酸盐的抗氧化作用是保证肉类腌制食品可以长时间保存的一个重要因素，因为普通的肉质在氧气环境下很容易发生脂质氧化作用而导致腐败，产生不良的气体甚至是有毒的物质，这是肉质变质的主要原因。
土豆粉,铝,1,　　2017年9月上旬，泾阳县公安局发现一个名为咸阳宣康食品加工厂的土豆粉生产黑作坊，经鉴定，作坊内提样的土豆粉铝超标6倍。
牛肉,菌落总数,1,　　海口市食药监局通报2017年查处七大典型案例，其中海口沐海人食品有限公司生产经营菌落总数不符合食品安全标准的卤制牛肉（五香味）被罚5.5万元。
花生,黄曲霉毒素,1,花生、玉米、坚果等食物中可能出现黄曲霉，它产生的黄曲霉毒素是臭名昭著的致癌物，不仅可能使人急性中毒甚至死亡，长期低剂量也会增加癌症风险。
花生,霉菌,1,花生、瓜子、榛子、松仁等果仁轻微变黄甚至发黑、味苦，皱皮变色，谷物表面上长有黄绿色霉菌或破损、皱缩、变色，即表明霉变了。
鸡蛋,发霉,1,遭到雨淋或受潮的鸡蛋，蛋壳表面的保护膜会被洗掉，细菌侵入蛋内导致变质，蛋壳表面也会发霉，出现黑斑点，这种鸡蛋要直接扔掉。
火腿,发霉,1,保藏期内的温度、湿度过高，会使火腿表面发霉。
馒头,霉菌,1,馒头受到霉菌污染，会长出肉眼可以看到的“毛”。
乳品,沙门氏菌,1,    因为在生产中被沙门氏菌污染，并在消费阶段导致婴儿的感染，法国乳品巨头拉克塔利斯集团在多国范围内召回问题乳粉，其中包括中国。
面包,霉菌,1,在面包制造厂的搅拌机的外壁上, 可发现黑色斑点状的霉菌, 此类霉菌为壳粉原料中的主要霉菌———曲霉。
猪肉,亚硝酸盐,1,该县表示，经调查，事件是由于1月20日该幼儿园负责人白玉霞用自行购买的2两亚硝酸盐(当地村民过年传统方法烹烧猪肉常用的材料，民间俗称火硝)，在幼儿园食堂加工春节自用肉食后，将剩余的不足1两亚硝酸盐留在幼儿园食堂厨房。
蛋糕,菌落总数,1,（四）天猫惠家旗舰店（经营者为泉州惠家食品有限公司）在天猫（网站）销售的标称福建惠家食品有限公司生产的惠家蒸蛋糕（香浓原味），菌落总数5次检出值分别为1700000CFU/g、1900000CFU/g、1300000CFU/g、1600000CFU/g、2600000CFU/g，不符合国家标准规定的菌落总数5次检测结果均不得超过100000CFU/g且至少3次检测结果不得超过10000CFU/g。
面包,过氧化值,1,（五）华润万家生活超市（浙江）有限公司杭州金沙大道店销售的标称北京禾格佳尚进出口有限公司代理、Quely，S.A.生产的桂力橄榄油面包条（原产国：西班牙），过氧化值（以脂肪计）检出值为0.53g/100g，比国家标准规定（不超过0.25g/100g）高出1.12倍。
内酯豆腐,大肠菌群,1,（六）北京华冠商业科技发展有限公司购物中心销售的标称北京二商希杰食品有限责任公司生产的白玉内酯豆腐，大肠菌群5次检出值分别为13000CFU/g、13000CFU/g、13000CFU/g、13000CFU/g、13000CFU/g，不符合国家标准规定的大肠菌群5次检测结果均不得超过1000CFU/g且至少3次检测结果不得超过100CFU/g。
鸡蛋,氟苯尼考,1,（七）四川省成都市双流区西航港街道大同路二段成都农产品中心批发市场成都佳家欢农产品有限公司销售的来自成都福久康农副产品有限公司的鸡蛋，氟苯尼考检出值为0.64μg/kg。
菠菜,毒死蜱,1,（八）广州市白云区广州江南果菜批发市场经营管理有限公司（鲜菜区335档）销售的来自广州市白云区广州江南果菜批发市场常青园果菜的菠菜，毒死蜱检出值为0.62mg/kg，比国家标准规定（不超过0.1 mg/kg）高出5.2倍。
小青菜,啶虫脒,1,（九）陕西省西安市长安区郭杜产业开发区陕西朱雀农副产品物流有限公司（经营者：孙景民）销售的小青菜（普通白菜），啶虫脒检出值为1.44mg/kg，比国家标准规定（不超过1 mg/kg）高出44.0%；氟虫腈检出值为0.045 mg/kg，比国家标准规定（不超过0.02 mg/kg）高出1.25倍。
葡萄酒,二氧化硫,1,亚硫酸盐，包括二氧化硫用于多种产品如柠檬汁、水产品、蔬菜、糖蜜、葡萄酒、果脯和果。
糕点,偶氮甲酰胺,1,报道称：“某咖啡连锁店承认在中国所售糕点含致癌橡胶鞋底原料（偶氮甲酰胺）……
面粉,偶氮甲酰胺,1,食品与营养信息交流中心科学技术部主任阮光锋发文称，偶氮甲酰胺是一种食品添加剂，用于面粉的漂白和氧化，常作为面粉増筋剂使用。
面包,发霉,1,安女士近日在麦德龙京顺路商场购买面包，回家后发现面包发霉。
开心果,霉菌,1,（一）京东尚珍旗舰店（经营者为天津朝批商贸有限公司）在京东商城（网站）销售的标称北京尚珍食品有限公司生产的开心果，霉菌检出值为30 CFU/g，比国家标准规定（不超过25 CFU/g）高出20.0%。
开心果,大肠菌群,1,（二）家乐福自营（经营者为家乐福（上海）电子商务有限公司）在家乐福（网站）销售的标称上海佳时食品有限公司委托浙江佳时食品有限公司生产的开心果（分装），大肠菌群5次检出值分别为75 CFU/g、22 CFU/g、40 CFU/g、140 CFU/g、＜10 CFU/g，不符合国家标准规定的大肠菌群5次检测结果均不得超过100 CFU/g且至少3次检测结果不超过10 CFU/g。
韭菜,克百威,1,（七）广州市白云区广州江南果菜批发市场经营管理有限公司（鲜菜区531档）销售的韭菜，克百威检出值为0.210mg/kg，比国家标准规定（不超过0.02 mg/kg）高出9.5倍。
菠菜,毒死蜱,1,（八）广州市白云区广州江南果菜批发市场经营管理有限公司（鲜菜区219档）销售的菠菜，毒死蜱检出值为0.18mg/kg，比国家标准规定（不超过0.1 mg/kg）高出80.0%。
韭菜,腐霉利,1,（九）河南省郑州市中牟县万邦物流园（经营者：吕卫华）销售的韭菜，腐霉利检出值为0.44mg/kg，比国家标准规定（不超过0.2 mg/kg）高出1.2倍。
牛肉,克伦特罗,1,（十）吉林省长春市绿园区青岗路69号粮油市场绿园区商二牛肉摊床销售的来自吉林省德惠市虹翔肉牛屠宰场的牛肝，克伦特罗检出值为5.76μg/kg。
火腿,过氧化值,1,    过氧化值代表脂肪的氧化程度，金华火腿在腌制加工过程中，其脂肪在热、光、金属离子及微生物等催化剂的作用下会被氧化，产生一系列氧化物而引起产品变质。
火腿,亚硝酸盐,1,    为了使金华火腿呈现和保持良好的色泽，企业普遍在腌制配料中添加了亚硝酸盐来达到发色、防腐、改善风味和提高肉品质量的目的，使火腿肉色鲜红，不易变质。
火腿,敌敌畏,1,金华市永泰、旭春两家火腿厂曾用剧毒农药敌敌畏浸泡火腿防止蚊蝇和生蛆，生产“反季节腿”的恶性事件曝光后，享有千年美誉的“金华火腿”遭遇了前所未有的信任危机，退货风潮使金华火腿的生产、销售遭受到前所未有的沉重打击，曾经火爆一时的金华火腿市场一度门可罗雀，销量急剧下降，半数工厂停产，全行业大面积亏损，金华火腿的出口和内销均受到了重创，甚至相关养猪农户及饲料经营者都受连累。
鳗鱼,孔雀石绿,1,业者出面澄清，鳗鱼加工后陆续验出孔雀石绿药物残留，已全数退货，并无流入市面。
白酒,塑化剂,1,4月28日，记者从自治区食品药品监督管理局了解到，国家和自治区风险监测、监督抽查结果表明，我区部分白酒生产企业存在超范围、超限量使用食品添加剂、塑化剂污染、虚假标注等问题。
猪肉,瘦肉精,1,4、通州“注水肉”黑窝点千斤猪肉被检出含瘦肉精
生猪肉,瘦肉精,1,6月18日，北京市食品药品稽查总队对通州“注水肉”黑窝点进行查抄，查获近千斤生猪肉，同时被检出含瘦肉精。
饼干,大肠菌群,1,3、广东销毁630箱印尼进口饼干 原因大肠菌群超标
饼干,大肠杆菌,1,据报道，6月23日，广东中山检疫局依法销毁630箱印尼进口饼干，原因被检出大肠杆菌超标，存在食物中毒和流行病的威胁，违反了中国食品安全标准。
饼干,焦亚硫酸钠,1,相对的，饼干松化剂中含有禁止在坚果炒货中添加使用的焦亚硫酸钠，在坚果炒货的生产中，就不得选用饼干松化剂。
壳杏仁,柠檬黄,1,2010年，壳杏仁的销路很好，我市很多坚果炒货企业为了增加壳杏仁的色度，在炒货中添加使用柠檬黄。
牛奶,黄曲霉毒素,1,2006年，中国疾病预防控制中心营养与食品安全所调查，江苏、上海等九省市市售玉米中AFB1的检出率为70.27%，平均含量和最高含量分别为36.51μg/kg和1098.36μg/kg，分别是国家限量标准的1.8倍和54.9倍(国家限量标准AFB1≤20μg/kg);教育部动物抗病营养重点实验室调查发现，2008—2009年度全国11个省的1081份饲料样品DON毒素(Deoxynivalenol)检出率为95.8%，超标率17.7%(国家限量标准≤1mg/kg);2011年底，蒙牛牛奶黄曲霉毒素M1超标
花生,黄曲霉毒素,1,欧盟委员会早在10多年前就通过了1525/98号指令，公布了欧盟国家食品中黄曲霉毒素的最高限量标准：人类直接食用的花生及其制品中黄曲霉毒素总量(B1+B2+G1+G2)从20μg/kg降到4μg/kg，其中B1≤2μg/kg，该黄曲霉毒素B1标准限量是我国标准限量的1/10。
西瓜,大肠菌群,1,　　结果显示，有保鲜膜冷藏的西瓜未检出大肠菌群;无保鲜膜冷藏的半块西瓜的大肠菌群是160mpn/100g。
西瓜,菌落总数,1,同时，无保鲜膜冷藏的西瓜菌落总数为20000cfu/g，是有保鲜膜西瓜样品菌落总数的20多倍。
馒头,柠檬黄,1,上海发生的染色馒头，加了柠檬黄，柠檬黄不可能多加，柠檬黄是一种色素，色素的颜色取决于浓度，柠檬黄多加了，就不会是生产者想要的黄色。
猪肉,瘦肉精,1,大剂量用瘦肉精在饲料中可以促进猪的增长，减少脂肪含量，提高瘦肉率，但食用含有瘦肉精的猪肉对人体有害。
肉制品,瘦肉精,1,据介绍，瘦肉精在我国已经禁用，按照国家相关规定，瘦肉精在肉制品中的检出率应该为零。
白酒,甜蜜素,1,1. 标称山西省汾阳市杏花村镇晋裕白酒公司生产的，北京阳光航线商贸有限公司经营的得造花香酒，不合格项目为甜蜜素，经检测实测值为0.000242 g/kg，标准值规定为不得检出。
肉制品,铅,1,2.标称北京祥隆宫食品有限公司生产的牛仔板筋（酱卤肉制品），不合格项目为铅（以Pb计），经检测实测值为0.74 mg/kg，标准值规定为0.5 mg/kg。
酒类,甜蜜素,1,《食品安全国家标准 食品添加剂使用标准》（GB 2760-2014）中规定，酒类中不得使用甜蜜素。
牛奶,三聚氰胺,1,　　牛奶中的三聚氰胺
月饼,塑化剂,1,    还有调查发现，月饼托中含有大量塑化剂，最高超标800倍。
酱油,苯甲酸,1,　　王竹天介绍，这款软件的主要作用是：输入某种食品添加剂的名字，比如“苯甲酸”，系统会马上回复“苯甲酸”可以在哪些食品中使用，使用多大量;输入某种食品名称，比如“酱油”这个词，立即就能查出在酱油中能够安全使用哪些食品添加剂。
猪肉,瘦肉精,1,　　2011年3月15日，由于央视披露了河南济源双汇公司使用瘦肉精猪肉的事实，河南焦作市中级人民法院分别以危害公共安全罪、玩忽职守罪依法对8名被告人当庭作出一审判决。
大米,黄曲霉毒素,1,假如中国的肝病高发省份居民，家备一台黄曲霉毒素快检仪，专门检测花生油、大米等食品，防止“黄曲霉毒素从口入”，从而免受肝病之困扰，快检产品是否成为了消费者的最爱?
肉制品,亚硝酸盐,1,    亚硝酸盐是自然界中普遍存在的一类含氮无机化合物，其外观与食盐类似，呈白色至淡黄色，粉末或颗粒状，无臭，味微咸，易潮解和溶于水；可作为食品添加剂应用于肉制品中。
乳品,三聚氰胺,1,据悉，三聚氰胺事件前，我国拥有1600～1700家乳品企业，经过整治，目前中国乳品企业约为600家，其中超过百亿的企业3家，超过20亿的企业接近10家，约20家的企业占据整个乳品市场份额的90%。
食品动物,大肠杆菌,1,      他介绍说，从动物源细菌耐药性现状上看，目前已经发现了可转移的黏菌素耐药基因mcr-1，并且在食品动物中发现了携带NDM的超级细菌，在鸡、猪源肠道菌中检出了NDM-1、NDM-5、NDM-9，并且从鸡源大肠杆菌中发现了一种变异性NDM（NDM-17），可导致菌株更高水平耐药。
面制品,铝,1,数据显示，我们吃进去的铝主要来自含铝食品添加剂，它们主要用作面制品的膨松剂、海蜇加工的固化剂、食物配料粉的抗结剂以及色素的载体。
面制品和膨化食品,铝,1,为进一步控制铝的摄入，政府管理部门对标准进行了相应修订，重点是控制面制品和膨化食品中铝的含量。
膨化食品,铝,1,马宁最后强调，消费者应当保持均衡饮食，以免因偏食而摄入过多的铝；要正确引导儿童的膳食消费，适量食用膨化食品；另外减少海蜇食用频次，在食用前应反复浸泡、清洗。
蜜饯,二氧化硫,1,《食品安全国家标准 食品添加剂使用标准》（GB 2760-2014）中规定水果干类二氧化硫残留量不得超过0.1 g/kg，蜜饯凉果类二氧化硫残留量不得超过0.35 g/kg。
面包,发霉,1,如不冷却，热量散发不出来，包装后易使面包发霉变质，造成损失。
大米,镉,1,像镉大米的问题，辣椒红素中罗丹明B源于本底物质的富集问题，水产品污染问题，均源于此。
蜂蜜,苯甲酸,1,    从不合格食品名单中发现，标注邯郸市海增食品有限公司生产的海增酱香芥丝（650克/袋20140316）、标注潮安县雅利来食品有限公司生产的雅利来九制应子（凉果类）（110克/袋20131102）、标注广东西琪食品有限公司生产的仟客九制榄（210克/袋20140102）、标注邯郸市海增食品有限公司生产的海增酱香芥条（750克/袋20140228）、标注沧州永胜果品有限公司生产的海天山庄蜂蜜加应子（80g/袋2014-1-10），被检出苯甲酸超标。
花生,过氧化值,1,    另外，在北京京顺美廉美超市有限公司仁和超市发现标注浙江恒泰食品有限公司生产的一款“香QQ” 香辣花生（烤鸡味）（110g/袋 2014.1.17），过氧化值、 酸价超标。
调味品,铝,1,题目：1. 中国传统调味品酿造的绿色发酵技术；2. 酵母抽提物（YE）对持续鲜味构建的贡献；3. 降盐增鲜、清洁标签等健康生活调味国际发展趋势探讨；4. 传统主食铝超标的解决方法
乳品,三聚氰胺,1,“曾经出现的大头娃娃、三聚氰胺、原料奶标准之争，引发消费者经历了从疑虑到震惊，到愤怒直至用脚选择这样不断递加的不信任感，因此尽管中国政府对乳品企业的监管是全球最严的：2015年抽检数据表明，乳制品合格率99.6%安全水平位列中国食品行业之首。
乳品,三聚氰胺,1,中国食品科学技术学会理事长孟素荷在大会致辞中表示，今年是“三聚氰胺事件”发生十周年，反思十年前事件发生后，当时带给我们最大的震撼是，一个高速发展、体量庞大的中国乳品工业，其安全基础竟如此脆弱。
肉制品,亚硝酸盐,1,　　中国工程院院士孙宝国指出，尽管大剂量亚硝酸盐对人体有害，但如果用量合适，不会引起毒性，同时又把更毒的细菌抑制了，因此各国都允许在熟食或肉制品里面添加亚硝酸盐。
酱油,苯甲酸,1,　　例如，输进去“苯甲酸”这3个字， 马上就能查询出苯甲酸可以在哪些食品中使用、使用多大量;输入“酱油”这个词，立即就能查出在酱油里面能够使用多少食品添加剂。
牛肉,大肠杆菌,1,　　回顾美国九十年代初期的一起严重食品安全事件，当时，一些牛肉被大肠杆菌的O157：H7的致病菌所污染，用这些牛肉做成的食品引起了一场大规模食源性疾病暴发，对消费者，尤其是儿童的健康造成了严重危害。
月饼,发霉,1,而生产时的烘烤，月饼中心温度一定要达到80摄氏度以上，否则容易发霉，而这是家用小烤箱无法做到的。
米线,焦亚硫酸钠,1,2014年3月，昆明市质量技术监督局西山分局、西山公安分局经侦大队执法人员，前往碧鸡街道办事处长坡社区联排村突击检查米线生产作坊，查出含大量焦亚硫酸钠的有毒米线。
米线,二氧化硫,1,昆明市质量技术监督局西山分局在对宁德省生产、销售的米线进行检验后，从中检出二氧化硫。
绿茶,铅,1,　　从统计结果来看，近几年名优绿茶产品不符合项目主要是水分，总灰分，铅和农残这几个项目。
茶叶,铅,1,铅是茶叶的卫生指标，也是直接关系人的身体健康的一个重要质量指标，长期饮用铅超标的茶叶会严重危害人们的身体健康。
大米,镉,1,　　“镉大米”让消费者惶恐不安，信息披露成“挤牙膏” 2013年5月，湖南省攸县3家大米厂生产的大米在广东省广州市被查出镉超标事件经媒体披露。
花生,发霉,1,这些食源性疾病和黄曲霉素有些是因为食品受污染所致，有些是因食物霉变所致，这些病菌对人们的身心健康构成的威胁十分严重，如黄曲霉素，在发霉的花生中十分常见，目前，以PCR为代表的分子生物学技术以及自动化仪器的迅速发展推动了微生物检测技术的进步，目前使用的酶联免疫试剂盒在食源性病毒的检测方面取得了明显的效果。
凉皮,罂粟壳,1,以往的查处情况显示，添加使用罂粟壳(粉)的不法行为主要存在于小餐馆、火锅店、烧烤店、麻辣烫店、凉皮店、小吃店等餐饮场所。
调味品,罂粟壳,1,　　罂粟壳不是调味品，而是严禁使用的添加剂，然而长期以来，我国餐饮行业在食品中添加罂粟壳或罂粟粉已不是新鲜事。
白酒,氰化物,1,这次约谈的主要是涉及亳州、淮北、芜湖、宣城四市的9家白酒企业，抽查发现的主要问题主要集中在氰化物含量超标。
银耳,二氧化硫,1,在5种不合格食品中，由福建古田兴宇食用菌批发商行提供的银耳二氧化硫超标最明显，达到了标准值最高限的19倍。
腐竹,吊白块,1,　　除了桶装水，昨天公布的不合格名单中，还发现标称菏泽开发区鼎都食品有限公司3月1日生产的“鼎都”亚峰腐竹，检出国家严禁食品中使用的“吊白块”。
月饼,菌落总数,1,     　　原标题：“北京好利来”月饼被曝菌落总数超标
茶叶,稀土,1,资料显示，茶叶中稀土超标与土壤和后期施加的农药化肥有关，过量摄入可能会给人体健康或体内代谢产生不良后果，包括影响大脑功能，加重肝肾负担，影响女性生育功能等。
饮用纯净水,菌落总数,1,　　此次专项检查共检查全市纯净水生产企业44家，监督抽样了44批次桶装饮用纯净水，合格率达80%，不合格的9批次主要是菌落总数超标。
白酒,塑化剂,1,在被曝光两年之后,今年6月国家卫计委关于白酒塑化剂的风险评估结果出来,认为对饮酒者的健康风险处于“可接受水平”。
豆制品,菌落总数,1,记者梳理发现，近年来豆制品频繁因“菌落总数”超标上黑名单，且湖南本土多个知名品牌悉数在列，如“步步为赢”、“简四毛”、“湘飘飘”等。
包装饮用水,菌落总数,1,《征求意见稿》编制说明指出，“国际瓶装水协会(IBWA)、美国食品药品监督管理局(FDA)及日本均未对包装饮用水菌落总数提出要求”。
大米,镉,1,　　近年来，各地又不断曝出镉大米、毒生姜等新的食品安全事件，网购食品成为潮流、婴幼儿食品质量问题频发。
猪肉,瘦肉精,1,大剂量用瘦肉精在饲料中可以促进猪的增长，减少脂肪含量，提高瘦肉率，但食用含有瘦肉精的猪肉对人体有害。
肉制品,瘦肉精,1,据介绍，瘦肉精在我国已经禁用，按照国家相关规定，瘦肉精在肉制品中的检出率应该为零。
油条,铅,1,比如油条、河粉、皮蛋、爆米花，其实涉及的是铅等重金属在制作中含量超标后的危害。
花生,霉菌,1,黄曲霉菌可以在很多作物上生长，花生就是其中之一，受霉菌感染的花生榨油后，油里就有黄曲霉素，但不能说这种油是地沟油。
生鲜乳,瘦肉精,1,建立畜牧企业信息化管理档案，实施网格化监管，做好监督抽检、日常巡查和专项整治，共抽检畜产品、饲料、生鲜乳、兽药等810批次，深入开展瘦肉精、生鲜乳、兽药等专项整治，共检查生猪、肉牛、肉羊养殖户7000余户，查办违法案件17起。
牛肉,罂粟壳,1,三是餐饮食品环节，开展了春节期间餐饮食品安全、散装白酒、牛肉及冻品、食品中非法添加罂粟壳、春季和夏季学校食堂、中高招食品安全保障、“餐饮环节大清查”、夏季“双创”食品安全创建等专项整治活动，开展抽检和风险监测1350批次，合格样品980批，检出不合格样品125批。
面粉,铝,1,　　“这种名为‘泡打粉’的食品添加剂主要成分是硫酸铝铵,问题包子铺将其直接掺入发面的面粉中,造成包子皮中的铝含量严重超标,而我国规定包子中不允许检出铝元素。”
西瓜,大肠菌群,1,　　结果显示，有保鲜膜冷藏的西瓜未检出大肠菌群;无保鲜膜冷藏的半块西瓜的大肠菌群是160mpn/100g。
西瓜,菌落总数,1,同时，无保鲜膜冷藏的西瓜菌落总数为20000cfu/g，是有保鲜膜西瓜样品菌落总数的20多倍。
餐具,大肠杆菌,1,此外经抽检，该单位的餐具均检测出大肠杆菌。
牛肉,金黄色葡萄球菌,1,　　2012年2月，市食药监局执法人员通过监督抽检发现，市区一所酒店加工经营的盐水鹅、牛肉检出致病性微生物——金黄色葡萄球菌。
猪肉,氯霉素,1,     　　7月28日，国家食药监总局公布了11批次畜禽肉不合格食品名单，其中，雏鹰农牧集团郑州商贸有限公司生产的猪肉检出禁用兽药氯霉素。
牛奶,三聚氰胺,1,　　我们都知道奶粉中缺少了蛋白，出现了阜阳大头娃娃事件;牛奶中缺蛋白，出现了三聚氰胺事件。
猪肉,瘦肉精,1,　　答：过去一年，在巩固近年来打击瘦肉精、地沟油、病死猪、毒胶囊等突出食品药品犯罪取得成效的基础上，针对一些重点领域、重点环节违法犯罪仍然突出的形势，公安部部署全国公安机关开展了为期1年的打击食品药品犯罪深化年活动，坚持因地制宜、重拳出击、精准打击，全年共侦破食品药品案件2.1万起，抓获犯罪嫌疑人近3万名，重点督办侦破了一批制售病死猪肉案、非法添加违禁物质案、跨国制售假药案等大案要案，有力打击了食品药品犯罪分子的嚣张气焰，回应了百姓关切。
面包,发霉,1,　　“因为面包发霉是一个量变到质变的一个过程，在表面出现明显的霉点之前，里面可能已经变质了。”
面包,发霉,1,　　最近，一种现象引来了市民的质疑，从大型超市购买来的面包，过了保质期1个月却没有腐坏发霉。
糕点,过氧化值,1,同时，很多糕点往往没有包装，长时间以散装形式销售，容易使糕点中的油脂酸价、过氧化值等理化指标超标，食用酸价和过氧化值不达标糕点，会导致人体肠胃不适、腹泻并损害肝脏。
食用油脂,过氧化值,1,　　据悉，过氧化值是衡量食用油脂新鲜度和氧化酸败程度的重要卫生指标，一般来说，过氧化值越高，其酸败就越厉害，严重时会有哈喇味，会损害人体肝脏。
膨化食品,羰基价,1,     　　在食药监部门公布的抽检中，经常可以看到不少品牌的膨化食品羰基价超标。
面包,偶氮甲酰胺,1,使用了偶氮甲酰胺的塑料可以用来生产鞋底，不等于“面包中含有鞋底原料”;淀粉可以用于生产可降解塑料，不等于“面包中含有塑料饭盒成分”;许多食品乳化剂也用于油墨生产，不等于“冰激凌中含有油墨成分”。
肉制品,瘦肉精,1,　　根据工作安排，今年围绕重点产品、重点行业，着力开展九个方面的治理整顿：一是开展食用农产品质量安全源头治理，加大土地和水污染治理力度，严格农业投入品管理，严厉打击使用禁用农兽药、“瘦肉精”等违禁物质的行为;二是深入开展婴幼儿配方乳粉专项整治，严厉打击非法添加非食用物质、超范围超限量使用食品添加剂等行为;三是开展畜禽屠宰和肉制品专项整治，依法严惩收购加工病死畜禽、出售不合格肉制品等违法违规行为;四是开展食用油安全综合治理，深入推进餐厨废弃物资源化利用和无害化处理，严禁非法收购、运输、加工餐厨废弃油脂等;五
馒头,甜蜜素,1,　　甜蜜素到底能不能与馒头“牵手”?
饼干,焦亚硫酸钠,1,为了更好地控制饼干形态，大部分饼干企业会在加工中使用焦亚硫酸钠(SMS，Na2S2O5)或饼干复配改良剂，还有小部分企业将焦亚硫酸钠和单酶(蛋白酶)搭配使用。
鳗鱼,大肠菌群,1,其中，天猫网站东美食品旗舰店销售的香辣鳗鱼丝大肠菌群检出值为930MPN/100g，超出标准规定30倍。
味精,山梨酸,1,　　淘宝网站有两批次食品被通报：兄弟创业海味店兄弟海湾销售的标称烟台海卓商贸有限公司分装的碳烤马面鱼片，山梨酸检出值为4.2g/kg，比标准规定高出3.2倍；千调万品销售的标称上海味丹企业有限公司生产的味丹味精，谷氨酸钠检出值为89.8%，比标准规定低9.3%。
饼干,铅,1,饼干中“铅”含量超标,长期食用对人体视觉运动功能,记忆、反应时间,语言和空间抽象能力会有所改变,易出现疲劳、失眠、烦躁、头痛及多动等症状。
大米,镉,1,　　近年来，各地又不断曝出镉大米、毒生姜等新的食品安全事件，网购食品成为潮流、婴幼儿食品质量问题频发。
肉制品,过氧化值,1, 影响肉制品中酸价和过氧化值的测定
蜂蜜,甜蜜素,1,　　很多饮料都含有大量白糖，有的还使用甜蜜素，虽然喝起来都是甜的，但效果完全不同，单纯的白糖热量高，的确不利于减肥，而蜂蜜既有着普通甜品的美味，又有着保健类食品的药用和保健功能。
臭豆腐,挥发性盐基氮,1,　　臭豆腐在发酵过程中极易被微生物污染，它还含有大量的挥发性盐基氮和硫化氢等。
蜂蜜,菌落总数,1,　　此外，美康欣国际贸易(北京)有限公司从新西兰进口的一批蜜昂兰麦卢卡蜂蜜(UMF10+)，菌落总数超标。
茶叶,稀土,1,　　其中,5种被下架茶叶均被检测出稀土超标。
铁观音,稀土,1,标注福建省安溪新圳茶厂生产的散装铁观音稀土含量高达标准值的9倍,标注云南省昆明市西山区春明茶厂生产的散装普洱茶稀土含量超过标准值的3倍。
牛奶,吗啡,1,最好晚上喝牛奶，因牛奶中含有一种能使人产生疲倦欲睡的生化物L色氨酸，还有微量吗啡类物质，这些物质都有一定的镇静催眠作用，特别是L色氨酸它是大脑合成羟色的主要原料，五羟色胺对大脑睡眠起着关键的作用，它能使大脑思维活动暂时受到抑制，从而使人想睡眠，并且无任何副作用，而且牛奶粘在胃壁上吸收也好，牛奶中的钙还能清除紧张情绪，所以它对老年人的睡眠更有益，故晚上喝牛奶好，有利于人们的休息和睡眠。
腐竹,吊白块,1,　　为了使生产的腐竹外观好看、韧性好，2011年9月开始，湖南邵阳人龙菊香在腐竹的制作过程中，往豆浆中凭感觉随意添加吊白块。
油条,铝,1,　　六、铝油条
膨化食品,铝,1,　　今年7月1日起，国家卫计委、质检总局等五部门联合发布的《关于调整含铝食品添加剂使用规定的公告》，“禁止将酸性磷酸铝钠、硅铝酸钠和辛烯基琥珀酸铝淀粉用于食品添加剂生产、经营和使用，膨化食品生产中不得使用含铝食品添加剂”。
面粉,溴酸钾,1,溴酸钾在发酵、醒发及焙烤工艺过程中起到一种氧化剂的作用，有助于面粉定型及烘焙，在焙烤业被认为是最好的面粉改良剂之一。
白砂糖,甜蜜素,1,详细说就是以白砂糖为主的，能给人提供碳水化合物(可升血糖)的糖和不能提供碳水化合物(不升血糖)的食品添加剂，如甜蜜素、阿斯巴甜等。
河蟹,镉,1,就河蟹而言，台州、嘉兴以及绍兴地区的河蟹蟹黄中镉含量分别为0.239µg/g，0.225µg/g以及0.174µg/g，基本在同一水平线上，湖州地区较高为0.343µg/g，而杭州地区最高，达到了1.217µg/g，超过限量值1.4倍。
青蟹,镉,1,就青蟹而言，本文研究了温州及台州地区，其中台州地区的青蟹蟹黄中镉含量为0.629µg/g，而温州地区则较高，达到了1.090µg/g，两则均超过了限量值。
肉制品,亚硝酸盐,1,　　据了解，加工类肉制品中的食品添加剂亚硝酸盐常被看作致癌的元凶。
肉制品,菌落总数,1,其中2批次分别来自1号店、京东商城销售的肉制品因菌落总数超标被通报。
鸭蛋,苏丹红,1,但根据国内专家所做的食品安全风险评估显示，每人每天长期吃一千个含有微含量的苏丹红红心鸭蛋，才会对身体造成健康。
白酒,塑化剂,1,     　　2012年底以来，白酒中塑化剂问题引起社会广泛关注。
豆制品,金黄色葡萄球菌,1,　　熟肉制品中检测出只检测出感染了金黄色葡萄球菌，未发现其他菌种的存在，和非发酵性豆制品(95.8%)相比较，其合格率(96.3%)明显高于前者。
酱油,亚硝酸盐,1,再比如酱油中的亚硝酸盐，它进入人体后会发生亚硝化反应，生成致癌物质亚硝氨，使肝脏、食管等发生癌变。
腊肉,亚硝酸盐,1,如腊肠就少不得亚硝酸盐，腊肉中最易长剧毒的肉毒梭菌，亚硝酸盐是唯一能够克住它的。
月饼,发霉,1,2010年，南宁一消费者购买到了某企业生产的发霉月饼，经调解企业和消费者达成协议按照“原价十倍”赔偿，成为广西第一例十倍赔偿的案例，结果也仅赔偿4,470元。
生鲜乳,瘦肉精,1,畜牧业突出强化兽用抗生素生产、经营和使用管理，继续深化“瘦肉精”、生鲜乳整治，严防出现反弹。
包装饮用水,菌落总数,1,目前我国部分食品安全国家标准中对菌落总数作了限量规定，但有的并未规定，还有的原来的标准中有规定但在标准修改时取消了规定，如GB 19298-2014《食品安全国家标准 包装饮用水 》（欢迎关注 拆那哈赛坡）就取消了原GB19298-2003《瓶（桶）装饮用水卫生标准》中的菌落总数限量指标；又如，GB19295-2011《食品安全国家标准速冻面米制品》就取消了原GB19295-2003《速冻预包装面米食品卫生标准》中“生制品”的菌落总数限量指标，这些都是建立在对食品安全风险充分评估基础上得出的科学结论。
油条,铝,1,     　　【食安中国网讯】晨报讯(记者 肖丹)很多消费者会购买超市里的散装食品，但北京市食品药品监督管理局昨日公布的食品安全信息显示，12种不合格食品中有5种是散装食品，涉及物美、美廉美、京客隆、顺天府等知名商家，其中，物美大卖场新街口店销售的散装油条铝的实测值是标准值的近八倍，美廉美西安门店销售的一款海蜇头铝的实测值是标准值的十倍多。
猪肉,瘦肉精,1,大剂量用瘦肉精在饲料中可以促进猪的增长，减少脂肪含量，提高瘦肉率，但食用含有瘦肉精的猪肉对人体有害。
肉制品,瘦肉精,1,据介绍，瘦肉精在我国已经禁用，按照国家相关规定，瘦肉精在肉制品中的检出率应该为零。
生鲜乳,瘦肉精,1,畜牧业方面，开展奶站和饲料专项整治，将现有奶站和生鲜乳运输车全部纳入监管范围;开展“瘦肉精”专项整治，侦破案件160余起，基本摧毁了地下生产经营网络;开展抗菌药专项整治，加强兽药残留监控，初步遏制了抗生素滥用问题。
豇豆,瘦肉精,1,建立农产品质量安全舆情监测、信息报送、上下联动和联防联控机制，强化应急反应，及时处置了“豇豆农药超标”、“瘦肉精”等突发问题，将发面影响降到最低程度。
月饼,菌落总数,1,抽查结果显示，合格率98.2%，2批“诗香味”月饼菌落总数超标。
月饼,铝,1,111批次的月饼总共经过了27个检验项目的检验，其中包括甜味剂、着色剂、铝、过氧化苯甲酰、致病菌等重点检验项目。
饮用纯净水,菌落总数,1,　　饮用纯净水 馨康乐 2014.5.31 北京馨康乐科技有限公司 菌落总数
饮用纯净水,菌落总数,1,而佛山市顺德区大良顺之星饮料厂生产的明御泉六角18.9L/桶饮用纯净水(2014.08.21生产)菌落总数竟超标1500多倍。
馒头,铝,1,　　此次抽验中，铝残留量超标问题突出，有19批次的面制食品铝残留量指标超过标准规定，其中常熟市碧溪新区碧溪东路一家馒头店出售的肉馒头铝的残留量检测值达796 mg/kg，超过标准量近七倍。
白酒,塑化剂,1,2011年，台湾曝出饮料人为添加，数百种产品“沦陷”;2012年，白酒塑化剂检出超标，对人体健康危害几何、消费者知情权如何保障也成为质疑焦点。
蜂蜜,甜蜜素,1,从2014年的抽检结果看，在酒、蜂蜜中违规添加甜蜜素，以工业胶代替食用胶情况均有发生，在台湾以饲料用油代替食品用油的问题关键是原料掺假。
茶叶,瘦肉精,1,其中，蔬菜、水果、茶叶、畜禽产品和水产品监测合格率分别为96.8%、92.9%、99.7%、99.3%和96.3%，畜产品瘦肉精监测合格率99.9%。
猪肉,瘦肉精,1,中国食品追溯小编了解到，今年以来江苏未检出含瘦肉精的猪肉。
蛋糕,山梨酸,1,我国经过进一步研发该检测技术，尝试采用“固相萃取-高效液相色谱”检测方法，能够对蛋糕类食品中的脱氧乙酸、山梨酸等迅速定量检测。
猪肉,瘦肉精,1,大剂量用瘦肉精在饲料中可以促进猪的增长，减少脂肪含量，提高瘦肉率，但食用含有瘦肉精的猪肉对人体有害。
肉制品,瘦肉精,1,据介绍，瘦肉精在我国已经禁用，按照国家相关规定，瘦肉精在肉制品中的检出率应该为零。
茶叶,稀土,1,　　就在近期,原本人们很陌生的稀土成了热门话题,众多茶叶因它超标而“中枪”,将国家标准推向了舆论的“风口浪尖”。
大米,稀土,1,　　大米玉米等多种食品都含稀土
绿茶,稀土,1,　　因此相比绿茶等嫩叶茶,使用较成熟叶片的茶产品中的稀土更容易“超标”。
菠菜,稀土,1,　　在现行国家标准中,同样规定了稻谷、玉米、小麦和除菠菜之外的蔬菜和水果中的稀土限量。
铁观音,稀土,1,2011年,联合利华(中国)有限公司生产的一批次“立顿”铁观音袋泡茶稀土超标,上了国家质检总局不合格产品黑名单。
肉制品,菌落总数,1,　　据介绍，传统作坊式牛肉干生产主要靠太阳晒、烧土炕烘，生产的牛肉干品质次、污染严重，与现代肉制品加工工艺生产的产品比较，缺乏无菌包装条件，容易造成菌落总数超标。
白酒,塑化剂,1,　　近两年多，受到塑化剂风波、限制“三公”消费等影响，白酒行业急转直下，企业净利等纷纷骤减。
大米,镉,1,罗云波具体举例说，土壤污染造就了“镉大米”，雾霾天气造成大气沉降和作物污染，形成了食品安全的新课题。
面包,发霉,1,　　近日，《谁给灾民吃发霉面包?
面包,霉菌,1,　　▲张女士打开包装发现上面的4片面包都已经长了绿色的霉菌，下边的面包却没有问题。
面包,发霉,1,　　过了一晚面包就发霉了
月饼,脱氢乙酸,1,　　常见的月饼防腐剂是山梨酸钾、脱氢乙酸钠两种。
面包,偶氮甲酰胺,1,使用了偶氮甲酰胺的塑料可以用来生产 鞋底，不等于“面包中含有鞋底原料”;淀粉可以用于生产可降解塑料，不等于“面包中含有塑料饭盒成分”;许多食品乳化剂也用于油墨生产，不等于“冰激凌中 含有油墨成分”。
白酒,塑化剂,1,     　　原标题：卫计委 白酒含微量塑化剂可接受
茶叶,三氯杀螨醇,1,　　此外,在此次茶叶及其相关制品抽检中,深圳市乐知福贸易有限公司分装的知福碧螺春茶检出禁止使用的农药三氯杀螨醇。
辣条,甜蜜素,1,常在学校周边出现的辣条，包装上就注明甜蜜素、阿巴斯甜、山梨酸钾、纽甜和单硬脂酸甘油酯等9种食品添加剂。
生鲜乳,瘦肉精,1,深入开展农产品质量安全监管年活动，大力推进农药及农药使用、畜产品“瘦肉精”、生鲜乳违禁物质、兽用抗菌药、畜禽屠宰、水产品禁用药物和有毒有害物质、农资打假等7项专项整治行动。
辣条,菌落总数,1,7日，国家食药监总局发布单独消费提示，在近期抽检中发现不少“辣条”都存在超范围、超限量使用防腐剂、色素以及菌落总数超标等问题，建议儿童、在校学生尽量“适量食用”。
凉皮,吊白块,1,经审查：犯罪嫌疑人薛某(女，32岁，薛城区人)自2013年3月以来，伙同丈夫张某、姐夫满某、姐姐张某在凉皮生产中为改变色泽，增加凉皮柔韧度加入硼砂、硼酸等大量有毒有害物质，生产成品凉皮10万余张，加工面筋过程中为改变色泽掺入吊白块等有毒有害物质，在市场上销售，从中非法获利10万余元。
肉制品,挥发性盐基氮,1,　　挥发性盐基氮超标说明生产用原料肉可能已经不新鲜;也可能是肉制品在腌制过程中卫生条件控制不当，受细菌污染，导致超标。
酱油,氨基酸态氮,1,氨基酸态氮含量越高，酱油的质量越好，鲜味越浓。
肉制品,挥发性盐基氮,1,　　挥发性盐基氮超标说明生产中可能使用了不新鲜的原料;也可能是肉制品在腌制过程中卫生条件控制不当，受细菌污染，导致超标。
酱油,氨基酸态氮,1,氨基酸态氮含量越高，酱油的质量越好，鲜味越浓。
白酒,氰化物,1,　　大伙常吃的苹果、樱桃、杏仁、木薯、白酒等食物中都潜藏氰化物!不过大伙不要害怕，只要掌握正确的选购或食用方法，就不会遭受氰化物的毒害。
酒类,氰化物,1,之所以很多酒类会被氰化物污染，主要源于其选择的生产原料。
白砂糖,安赛蜜,1,	水、风味发酵乳、白砂糖、赤藓糖醇、安赛蜜、三氯蔗糖等
辣椒,日落黄,1,当事人现场清洗水产品后，直接加入油溶性辣椒精、日落黄、调味料等进行加工制作。
乳品,三聚氰胺,1,　　1.1 乳制品行业问题不断，08年的三聚氰胺事件、黄曲霉事件、老酸奶明胶事件等质量安全事件频发，使得乳品行业逐步成为高危行业。
馒头,铝,1,而根据国家规定，包子馒头等蒸煮类食品禁止使用任何的含铝添加剂。
膨化食品,铝,1,　　膨化食品今后不能再有铝
油条,铝,1,　　油条粉条海蜇依然要伴“铝”
饼干,焦亚硫酸钠,1,　　•灵活性可在韧性饼干，苏打、威化等饼干中单独或与其他帝斯曼酶制剂协同替代焦亚硫酸钠。
肉制品,亚硝酸盐,1,另外，亚硝酸盐是一种允许使用的食品添加剂（如允许用于肉及肉制品的生产加工中），只要控制在安全范围内使用不会对人体造成危害，只有长期大量食用含亚硝酸盐的食物才有致癌的隐患。
生鲜乳,三聚氰胺,1,今年河南省生鲜乳监测对象为488个生鲜乳收购站和301辆生鲜乳运输车，检测项目为三聚氰胺等违禁添加物。
乳品,三聚氰胺,1,　　提起我国的乳品及乳制品行业，常会让人联想到2008年的食品安全事件——“三聚氰胺”事件。
酱油,苯甲酸,1,例如酱牛肉的制作中不允许使用苯甲酸，其原料之一的酱油中却允许使用苯甲酸，如此在酱牛肉中检测出的苯甲酸也应符合标准。
饮用纯净水,菌落总数,1,其中北京中科圣泽科技发展有限公司生产的中科18.9升饮用纯净水菌落总数高达300cfu/g，超标高达15倍。
玉米油,黄曲霉毒素,1,但在玉米油生产中，若玉米胚生产和储存条件不当，如长时间的酸性水浸泡、干燥不完全，储存过程发热霉变、长时间储存的陈化等，都可能致使其酸值高、色泽深、风味差、甚至产生黄曲霉毒素有害健康的物质。
面制品,铝,1,　　背景导读：铝化合物在我国食品加工业有着数百年的应用时，以明矾(硫酸钾铝，硫酸铝安)为代表的含铝食品添加剂在食品工业界应用广泛(如作为膨化机用于面制品，作为固化剂用于海蜇加工)。
雪糕,菌落总数,1,而同样以童年回忆为卖点的北冰洋双把雪糕曾在2011年被北京市质监局检测发现菌落总数超标两倍多。
花生,发霉,1,花生、大豆、米、面等发霉后，可产生强致癌物黄曲霉素，可导致肝癌、胃癌等。
粉丝,铝,1,　　广州极润食品科技有限公司生产的仟润牌红薯仟润粉丝被检出44.1mg/kg的致癌物铝。
饮用纯净水,菌落总数,1,其中，广州市裕龙山泉水有限公司生产的甘龙牌饮用天然净水菌落总数超标3100倍，花都区大布泉桶装水厂生产的高山泉牌饮用水菌落总数超标80倍，增城雾岭山饮用水厂生产的雾岭山牌饮用纯净水饮用水菌落超标6倍。
生鲜乳,三聚氰胺,1,　　值得一提的是，农业部连续7年实施生鲜乳质量监测计划，三聚氰胺等违禁添加物抽检合格率保持在100%。
鳊鱼,孔雀石绿,1,　　水产品中，上海嘉定乐购生活购物有限公司销售的丁桂鱼、上海世纪联华超市宝山庙行有限公司销售的鳊鱼检出孔雀石绿不合格。
筷子,二氧化硫,1,　　福建省产品质量检验研究院建材机械所检验员表示，生产一次性竹筷需要用硫磺熏蒸使之变白，如将筷子放入热水中，二氧化硫遇热水后会进行逆反应，漂白效果消失，筷子就会恢复黄色，水也被染黄。
筷子,发霉,1,　　看外观：如果筷子上出现非竹子或木头本色的斑点，则很可能已经发霉变质;颜色太白则可能是用高浓度漂白剂漂过的。
面包,脱氢乙酸,1,　　再看面包包装的配料表，有的面包包装上注明的防腐剂有丙酸钙、脱氢乙酸钠两种，而保质期较长的法式软面包含有硬脂酰乳酸钙、脱氢乙酸钠、山梨酸钾等多种防腐剂。
辣椒,敌敌畏,1,     据通告，不合格的为酉阳县城南农贸市场罗记芳销售的香菇乐果超标，酉阳县城南农贸市场罗记芳销售的白蘑菇乐果超标，酉阳县桃花源镇翠屏街25号周飞销售的青辣椒敌敌畏超标。
茶叶,三氯杀螨醇,1,今年以来，各地食药监部门在茶叶中多次检出了三氯杀螨醇，多款茶叶品牌“榜上有名”。
铁观音,三氯杀螨醇,1,　　7月1日，在北京两家物美店里销售的、安溪县长坑建鸿茶厂“爱丽丝”铁观音和安徽歙县徽苑商贸有限公司“爱丽丝”茉莉花茶春毫，因检出三氯杀螨醇被北京市食药监局责令下架。
乌龙茶,三氯杀螨醇,1,　　3月，山东省食药监局公布，济南市古堂香茗茶生产的乌龙茶有三氯杀螨醇。
馒头,菌落总数,1,     　　白白净净的袋装馒头很多消费者都买过，但北京市食品药品监督管理局昨日发布的食品安全信息里，四款“瑞丰”牌馒头类产品因菌落总数超标而被全市停售。
刀切馒头,菌落总数,1,　　这些产品均由北京建海春食品有限公司生产，问题最严重的是“瑞丰”牌刀切馒头，菌落总数实测值为标准值的22倍。
凉皮,环己基氨基磺酸钠,1,　　水晶凉皮 龙峰 2014.6.18 登封市龙峰食品有限公司 环己基氨基磺酸钠
牛排,过氧化值,1,　　手撕牛排味-素食 顺天缘 2014.5.3 郑州顺天缘食品有限公司 过氧化值
调味面制食品,环己基氨基磺酸钠,1,　　(调味面制食品) 环己基氨基磺酸钠
蜂蜜,菌落总数,1,问题蜂蜜的主要产地为澳大利亚以及泰国，其中11批为澳华盛业进出口贸易(北京)有限公司进口的、“Mothersmilk Dairy Product Australia Pty Ltd”制造的蜂产品，包括摇篮山革木花蜂蜜(500g)、摇篮山三叶草蜂蜜(500g)、摇篮山麦卢卡蜂蜜10+(500g)、摇篮山麦卢卡蜂蜜100+(500g)、塔芙娜圣诞树蜂蜜(380g)、塔芙娜生姜调制蜂蜜浆(160g)、塔芙娜香草味调制蜂蜜浆(160g)、塔芙娜薰衣草味调制蜂蜜浆(160g)，均因“菌落总数”超标被退货。
猪肉,瘦肉精,1,　　北京市动物卫生监督所执法人员现场采样后送到具有资质的实验室进行检测，发现这些生猪的猪肉水分严重超标，系“注水肉”，而且含瘦肉精。
小麦粉,偶氮甲酰胺,1,在我国，卫生部公布的《食品添加剂使用标准》中，“偶氮甲酰胺可用于小麦粉，最大使用量为0.045g/kg”。
面条,铅,1,     　　近日，瑞士雀巢公司所产“美极”面条在印度检出曝出铅超标7倍，雀巢印度公司深陷舆论漩涡。
面条,铅,1,　　近日，瑞士雀巢公司所产“美极”面条在印度检出曝出铅超标7倍，雀巢印度公司深陷舆论漩涡。
味精,铅,1,薄凯声称,雀巢公司进行了1035次实验,并未在方便面中发现铅或味精,公司正在试图弄清楚印度实验室是如何检测的。
大饼,发霉,1,记者看到，经过一个月的艰苦采挖，班贡一行人个个面容黢黑，没吃完的大饼已开始发霉。
米粉,三聚氰胺,1,三聚氰胺等奶粉事件倒逼了我国0～3周岁婴幼儿食品中的奶粉和米粉等配方食品严格标准的出台，但遗憾的是3周岁以上儿童食品以及其他类型的儿童食品却至今游离在监管体系之外。
食用油脂,过氧化值,1,　　过氧化值是衡量食用油脂新鲜度和氧化酸败程度的重要卫生指标，一般来说， 食物中过氧化值超标的话,说明这种食物已经酸败,严重时会有哈喇味。
花生,过氧化值,1,　　记者发现，此次下架食品中有近半数是因为过氧化值超标，像顺义国泰商业大厦国泰宏城生活购物广场销售的、丰裕食品(北京)有限公司生产的香辣花生，永辉超市有限公司顺义分公司销售的、标称山东枣花香食品工业有限公司生产的“御园枣花香”琥珀桃仁，天津市腾辉食品有限公司生产的“腾飞荣达”日本豆等。
猪肉,瘦肉精,1,同时，执法人员利用快检设备对鲜猪肉、水发产品、新鲜蔬菜、水果进行了现场抽检，检测项目包括鲜猪肉中的瘦肉精、猪肉水分、海蜇头、鱿鱼、海带、海白菜中的甲醛含量、新鲜蔬菜、水果中的农药残留等，共检测样品137份，检测项目5项，检出弱阳性（有安全隐患）海带样品2份，执法人员现场要求该商品立即下架，停止销售。
月饼,糖精钠,1,糖精钠是食品添加剂，但不允许在月饼中添加。
茶叶,啶虫脒,1,　　“新指令主要涉及4项农药残留指标，包括异丙隆、啶氧菌酯、嘧霉胺和啶虫脒，标准都比原来提高了1倍，含量从0.1ppm变成为0.05ppm，此外还对我国茶叶增加了唑虫酰胺残留的检测。”
茶叶,啶虫脒,1,新标准主要涉及4项农药残留指标，包括异丙隆、啶氧菌酯、嘧霉胺和啶虫脒，标准都比原来提高了1倍，含量从0.1ppm变成为0.05ppm，此外还对我国茶叶增加了唑虫酰胺残留的检测。
肉制品,亚硝酸盐,1,　　记者采访了南京江宁区市场监管局食品安全监管科贺亮，他表示按照食品添加剂的标准，亚硝酸盐在肉制品当中含量应小于等于30毫克每千克，而该企业检测出来是73毫克每千克。
生鲜乳,罂粟壳,1,     【食安中国网讯】火锅调味料中检出罂粟壳，300多家生鲜乳饮品店总体不合格率过半……
茶叶,稀土,1,虽然好茶众人皆爱，但愈演愈烈的茶叶“稀土含量超标事件”却不禁让人们谈“稀土”色变。
鸭蛋,苏丹红,1,　　自2006年“苏丹红鸭蛋”事件开始，食品安全相关话题就不断刺激者消费者敏感的神经，并吸引着全社会的眼光。
生鲜乳,瘦肉精,1,深入开展农产品质量安全监管年活动，大力推进农药及农药使用、畜产品“瘦肉精”、生鲜乳违禁物质、兽用抗菌药、畜禽屠宰、水产品禁用药物和有毒有害物质、农资打假等7项专项整治行动。
馒头,铝,1,这4项措施分别是：市场主办方要切实履行对入场食品经营者的管理义务，即认真审查许可证，明确食品安全管理责任，定期对经营环境和条件进行检查，建立经营者档案、记载经营者基本情况、进货渠道、经营品种和供货商状况等信息，建立和完善食品经营管理制度，加强对食品经营者的培训;食品经营户要严格履行进货查验和记录，认真落实索证、索票，进销货台账制度，进货时要向供货方索要许可证、营业执照、食品检验合格证明、销货票等有效合格证照和票据，并对食品品名、生产日期、保质期等基本信息，做到台账详细登记，对馒头、粉条等在未取得生产许可之
面包,发霉,1,　　文昌灾区救灾物资中出现发霉面包(南海网记者刘麦 摄)
月饼,甜蜜素,1,比如以前不少月饼馅料厂家会在馅料里使用一定剂量的甜味添加剂，如甜蜜素等，一来节约成本，二来增加月饼口感。
月饼,发霉,1,　　据韩城市的一位雷先生反映：9月2日他在韩城市旺客都购物广场购买了一袋散装月饼，其月饼的保质期有一个月，但是就在9月7日(在保质期内)发现月饼已变质变味，其中一块还发霉了。
糕点,铝,1,据了解，现在市场上有很多所谓的不沾模具，其制造材料往往达不到食用级别，在烘烤过程中还容易造成氧化和脱落，使得铝屑残留在糕点上，而长期食用铝含量超标的食品易患老年痴呆。
糕点,铝,1,　　丽水市消保委秘书长 韩雁：现在市场上有很多所谓的不沾模具，其制造材料往往达不到食用级别，在烘烤过程中还容易造成氧化和脱落，使得铝屑残留在糕点上，而长期食用铝含量超标的食品易患老年痴呆。
糕点,铝,1,据了解，现在市场上有很多所谓的不沾模具，其制造材料往往达不到食用级别，在烘烤过程中还容易造成氧化和脱落，使得铝屑残留在糕点上，而长期食用铝含量超标的食品容易致病。
饼干,铝,1,　　印尼进口饼干 铝超标被销毁
酱油,亚硝酸盐,1,如部分涉案伪劣商品的质量鉴定只有检验数据：被告人被指控使用工业盐水制造酱油，而质量鉴定意见仅反映检出亚硝酸盐成分，未说明该亚硝酸盐成分是否为工业盐水，样品是否不符合国家卫生标准，也未说明是否属于有毒、有害食品，不利于案件定罪量刑。
米粉,大肠菌群,1,　　在对粮食及粮食制品的抽检中，发现1批次产品不合格：佛山市顺德区容桂细滘其记米制品加工店6月26日生产的湿米粉大肠菌群超标。
馒头,柠檬黄,1,　　超出国标规定的使用范围(比如染色馒头里面的柠檬黄)，或者超出国标规定的使用量(也就是常说的超标)，或者违背食品添加剂使用原则(比如用香精腌渍鸭肉伪造牛羊肉)，都属于滥用食品添加剂。
豆制品,硫酸亚铁,1,　　记者从省食品安全办公室获悉，今年10月，来安县市场监管局执法人员对位于来安县大英镇东两家豆制品小作坊加工点检查时，发现制作豆制品小作坊的一间房间内堆放了化工产品使用的硫酸亚铁，还有一袋包装上明显位置标注有严禁饲料和食品添加使用的“海蕾”卤片，以及包装上明显位置标注有中盐精制工业盐。
馒头,铝,1,7月1日是含铝食品添加剂新规实施的首日，北京新京报记者携手北京智云达科技有限公司快速食品安全检测技术工程师对市场上的馒头、包子(随机购买)等主食进行食品中铝含量检测。
面粉,铝,1,但是食品添加剂检测结果还是会有铝含量，智云达技术工程师分析这主要是天然食物中本身带有少量铝，比如来自商家使用的面粉原材料、馅料等，只要不是人为添加即可。
馒头,铝,1,该局执法人员对辖区内小餐饮检查时，发现部分馒头包子店在制作蒸包时非法添加复合膨松剂(泡打粉)，其要成分含有硫酸铝铵，属国家明令禁止使用的含铝添加剂。
馒头,铝,1,　　前不久，网上不断转发《河南多家包子店老板被刑拘》的消息，提醒百姓，当心“铝馒头”!河南电视台具体报道此事时说：“南阳唐河一些早餐店突然关门，店老板纷纷被警察带走。
饼干,焦亚硫酸钠,1,　　帝斯曼亚太区市场总监苏伟政先生受邀在论坛发表演讲，他针对韧性饼干市场趋势与应用酶制剂替代焦亚硫酸钠的解决方案做了介绍。
黄酒,非糖固形物,1,低聚异麦芽糖与酒精同为氢键，相互结合后能减少酒精刺激味，口感爽口，提高酒质、并且提高黄酒中的非糖固形物含量。
乳及乳制品,孔雀石绿,1,9月15日，成都市食药监局向社会发布《成都市2015年第三期食品、食用农产品、乳及乳制品监督抽检结果通报》，通报中显示，今年3月至4月，成都市食药监局对大成都范围内抽检的301批次的水产品进行检查，其中有19家餐饮店、共计24个水产品样品，检查出了孔雀石绿，不符合食品安全国家标准。
烤鸭,孔雀石绿,1,今年4月2日，锦江区食药监局在对青年路的张烤鸭餐饮店进行抽检时，查出店内的“三角峰”鱼含有孔雀石绿。
鱼类,孔雀石绿,1,成都有餐馆水产品检查出孔雀石绿的消息，在网上出现了一些以讹传讹的版本，有网友担心成都的鱼类已经被污染。
牛奶,吗啡,1,　　最好晚上喝牛奶，因牛奶中含有一种能使人产生疲倦欲睡的生化物L色氨酸，还有微量吗啡类物质，这些物质都有一定的镇静催眠作用，特别是L色氨酸它是大脑合成羟色的主要原料，五羟色胺对大脑睡眠起着关键的作用，它能使大脑思维活动暂时受到抑制，从而使人想睡眠，并且无任何副作用，而且牛奶粘在胃壁上吸收也好，牛奶中的钙还能清除紧张情绪，所以它对老年人的睡眠更有益，故晚上喝牛奶好，有利于人们的休息和睡眠。
包装饮用水,铜绿假单胞菌,1,　　自GB 19298-2014《食品安全国家标准 包装饮用水》于2015年5月24日实施以来，包装饮用水的生产企业对该标准中新增的铜绿假单胞菌指标非常关心，经常送到检验部门进行检测。
米粉,铅,1,　　因浙江食品安全监管部门发现亨氏AD钙高蛋白营养米粉严重铅超标，亨氏在中国召回四个批次的AD钙高蛋白营养米粉。
乳品,菌落总数,1,　　一位第三方乳品卫生清洁检测机构负责人昨日告诉《第一财经(微博)日报》记者，婴幼儿配方奶粉菌落总数超标主要有两个原因，“一是管路中芽孢的滋生，如果密闭管路清洗不到位，细菌就会在里面生长;二是喷粉干区环境的控制不到位，微生物在这样的情况下也会污染”。
猪头肉,亚硝酸盐,1,　　中国食品网讯 为了让自己售卖的猪头肉、猪蹄等熟食看起来更好看、更新鲜,“黑心”商贩竟在制作熟食时使用亚硝酸盐,其制作的熟食亚硝酸盐残留量超出国家标准百倍之多。
猪肉,亚硝酸盐,1,　　法院审理认为,李某明知购买的硝水(亚硝酸盐)危害人体健康,仍以营利为目的,添入其卤制的猪肉中,并在其经营的流动熟食店内向群众销售,其行为已经构成生产、销售有毒、有害食品罪,依法判处其有期徒刑7个月,缓刑1年,并处罚金人民币7000元。
白酒,塑化剂,1,　　中投顾问食品行业研究员简爱华分析认为，此轮调整期中有几个关键词，反腐、塑化剂、行业产能过剩风险，所以高端白酒企业、塑化剂涉及者毫无疑问会遭遇重创。
蛋糕,发霉,1,食用蛋糕时发现蛋糕已经发霉变质，并出现肠胃不适，立即到医院检查，诊断结果为肠胃功能紊乱，医生开具休病假2天证明。
茶叶,稀土,1,　　在公布的15批不合格食品中，有7批次茶叶稀土超标，包括“御顿”、“知福”、“天方”、“庆芳名茶”品牌。
铁观音,稀土,1,其中北京永辉超市昌平分公司销售的“知福”清香铁观音茶的稀土含量超标5倍之多，华联综合超市回龙观第二分公司更是销售了上述4种品牌中的3种。
蛋糕,菌落总数,1,标称上海三辉麦风食品有限公司金山分公司生产的香蕉味注芯蛋糕检出菌落总数超标。
筷子,大肠菌群,1,餐饮具（1批次不合格）：建德市乾潭镇江南人家饭店的筷子检出大肠菌群超标。
猪肉,瘦肉精,1,大剂量用瘦肉精在饲料中可以促进猪的增长，减少脂肪含量，提高瘦肉率，但食用含有瘦肉精的猪肉对人体有害。
肉制品,瘦肉精,1,据介绍，瘦肉精在我国已经禁用，按照国家相关规定，瘦肉精在肉制品中的检出率应该为零。
酱油,发霉,1,　　“小的时候，我对一件事情印象十分深刻，家里的酱油发霉长了白醭，长辈们也不舍得扔掉，把白醭去掉继续使用。”
猪肉,瘦肉精,1,　　行业人士分析表示，金锣分公司产品此次被检出“瘦肉精”有两方面的原因：一方面是从利益角度出发，添加“瘦肉精”能够改变猪肉的肥瘦程度，从而提高自己的盈利；另一方面是金锣在产业不断扩大过程中，集团对于分公司监管力度太低，从而出现了严重的食品安全问题。
肉制品,菌落总数,1,今年2月，国家食药监总局公布的2015年第一期食品安全监督抽检信息显示，金锣登上了肉及肉制品监督抽检不合格名单，当时金锣产品被检出菌落总数超标12.6倍。
肉制品,瘦肉精,1,病猪事件以及生鲜肉检出“瘦肉精”添加剂则反映了金锣在肉制品产业上游的监管不力。
乳品,三聚氰胺,1,　　陈君石认为，以三聚氰胺事件为例，政府下大力气整顿了乳品行业，乳品行业目前在产品质量安全上有了很大改观。
馒头,瘦肉精,1,　　近年来，在国内关于食品安全问题愈演愈烈，毒大米、毒馒头、瘦肉精、地沟油、三鹿奶粉…..太多太多的问题食品出现在我们的生活中。
茶叶,三氯杀螨醇,1,　　新华食品北京7月14日电(芦超) 近期，多地食药监主管部门频频发布茶叶中含有三氯杀螨醇的通报，引起了消费者的关注。
铁观音,三氯杀螨醇,1,　　2015年7月，在北京食药监局公布的不合格食品名单中，由福建省安溪县长坑建鸿茶厂生产的“爱丽丝”铁观音和安徽省歙县徽苑商贸有限公司生产的“爱丽丝”茉莉花茶春毫因检出三氯杀螨醇被通报;
绿茶,三氯杀螨醇,1,　　2015年6月，在国家食药监总局公布的食品安全监督抽检情况，有标称为深圳市乐知福贸易有限公司生产的知福高山绿茶和湖北省赵李桥茶厂有限责任公司生产的青砖茶，被检出三氯杀螨醇;
乌龙茶,三氯杀螨醇,1,　　2015年3月，在山东省食药监局公布的食品安全监督抽检结果中，济南市古堂香茗茶生产的乌龙茶被检出三氯杀螨醇;
花生,黄曲霉毒素,1,2011年我国发布的《食品安全国家标准 食品中真菌毒素限量》(GB2761-2011)中规定花生及其制品中黄曲霉毒素B1的限量为≤20μg/kg。
乳品,黄曲霉毒素,1,此次检测,直接导致了山西古城乳业集团有限公司因被查出黄曲霉毒素超标和阪崎肠杆菌,被依法吊销了婴幼儿乳品生产许可证,湖南长沙亚华乳业有限公司则被依法注销许可证。
花生,黄曲霉毒素,1,　　世界范围内黄曲霉毒素的污染相当广泛，包括谷物、坚果和籽类以及牛乳等，尤以玉米、花生被污染的程度最严重。
酸菜,二氧化硫,1,　　此外，北京物美商业集团股份有限公司昌平东关店生产销售的酸菜中二氧化硫超标2.5倍。
腌制食品,二氧化硫,1,娄在祥称，“在腌制食品中添加二氧化硫，可以加快腌制速度，对食材也有漂白、延长储存时间的作用，但是正规厂家一般不会添加，因为人体在食用二氧化硫后会生出硫化物，同样对消化道产生强烈刺激，伴有腐蚀性，对身体产生伤害。”
豆干,工业染料,1,还有不法厂商供认，添加了工业染料的豆干在岛内已卖了20年。
牛肉,三聚氰胺,1,不论是五年前的我国乳制品三聚氰胺事件，还是最近的欧洲马肉冒充牛肉事件，都属于典型的经济利益驱动食品掺假(economic motivated adulteration，EMA)。
白酒,甜蜜素,1,这份名单显示，近300款白酒产品出现各种质量问题，其中茅台旗下子公司品牌和皇台酒业等诸多酒企产品曝出的不合格项目一致地栽在了添加剂甜蜜素上。
茶叶,瘦肉精,1,其中，蔬菜、茶叶、畜禽产品和水产品监测合格率分别为95.2%、96.4%、99.4%和94.8 %，畜产品“瘦肉精”监测合格率99.9%。
月饼,菌落总数,1,　　本次抽检的月饼产品中有10个批次样品检出菌落总数超标。
月饼,霉菌,1,　　本次抽检的月饼产品有1个批次样品检出霉菌超标。
月饼,苯甲酸,1,　　苯甲酸及其钠盐是我国允许使用的防腐剂，但 GB 2760-2011《食品安全国家标准 食品添加剂使用标准》不允许在月饼中添加。
月饼,纳他霉素,1,　　纳他霉素是我国允许使用的防腐剂，GB 2760-2011《食品安全国家标准 食品添加剂使用标准》规定月饼中最大允许使用量为10mg/kg。
月饼,脱氢乙酸,1,　　脱氢乙酸及其钠盐是我国允许使用的防腐剂，GB 2760-2011《食品安全国家标准 食品添加剂使用标准》规定月饼中最大允许使用量为0.5g/kg。
月饼,铝,1,　　本次抽检的月饼产品有1个批次样品铝残留量超过GB 2760-2011《食品安全国家标准 食品添加剂使用标准》规定的≤100mg/kg的限量要求，检出值为166.374mg/kg。
火腿,亚硝酸盐,1,而像火腿这样的食物，无论是现代工艺制作，还是传统工艺制作，都会添加大量的盐和亚硝酸盐，都会与食物中的蛋白分解产物合成亚硝胺这种致癌物。
面制品,铝,1,一般食物中的铝主要来源于含铝食品添加剂，包括作为膨松剂用于面制品，作为固化剂用于海蜇加工，作为抗结剂用于食物配料粉中，作为铝色淀用于糖衣、糖果染色。
油条,铝,1,成年人少吃一根油条(50克)，铝摄入量能减少0 .39毫克每公斤体重。
食品动物,瘦肉精,1,将瘦肉精添加于饲料中，可以增加动物的瘦肉量，减少饲料使用，降低成本，我国禁止食品动物使用这类β激动剂类药物作为饲料添加剂。
馒头,柠檬黄,1,比如上海染色馒头事件中的“柠檬黄”，没有规定可以在馒头中使用，属于超出国家标准规定的使用范围。
白酒,塑化剂,1,添加剂一直是白酒行业的灰色地带，塑化剂、甜味剂这些添加剂让许多消费者对国内酒企充满质疑，然而，白酒企业仿佛在添加剂的路上一意孤行。
白酒,氰化物,1,中国品牌研究院食品饮料行业研究员朱丹蓬分析道，“首先，国家监管空白，白酒业自有技术标准缺失，与此同时，白酒行业税收在当地占较重比例导致监管缺失；其次，企业追逐利益，氰化物可以起到回香作用，甜味剂是使口感绵甜、清冽甘甜，所以作为食品添加剂屡次使用；另外，还有一些行业常用的添加剂，但是企业不按照规定操做；最后，白酒有些工序较为原始，生产过程中很难把控”。
面粉,铝,1,　　“这种名为‘泡打粉’的食品添加剂主要成分是硫酸铝铵，问题包子铺将其直接掺入发面的面粉中，造成包子皮中的铝含量严重超标，而我国规定包子中不允许检出铝元素。”
豆制品,脱氢乙酸,1,　　今年4月22日，户县食药局在西安市户县南海阳光食品厂生产的豆品香(非发酵性豆制品)产品中检出脱氢乙酸。
面制品,铝,1,此外，本次抽检发现部分餐饮单位面制品铝超标，我局再次提醒各食品经营单位，从今年7月1日起，面制品(油炸面制品除外)不再允许使用含铝膨松剂，各有关单位应立即改用无铝膨松剂，以免造成产品超标。
肉制品,莱克多巴胺,1,　　本次抽检有1批次肉制品检出莱克多巴胺。
白酒,塑化剂,1,邻苯二甲酸酯类是一种塑化剂，在日常生活中的使用非常广泛，环境污染、包装材料迁移以及加工工艺等原因可能是导致白酒中塑化剂超标的原因。
馒头,铝,1,　　多家企业馒头铝残留超标
鲫鱼,孔雀石绿,1,　　记者在现场看到，这些商家被检出违禁物质孔雀石绿和硝基呋喃，全是淡水鱼，涉鲫鱼、黄骨鱼、浔龙鱼等多鱼种。
鱼类,孔雀石绿,1,　　原标题：广州5家水产店鱼类检出违禁物质孔雀石绿
腌制食品,亚硝酸盐,1,　　②腌制食品：腌制食品中含有大量三大致癌物质中的亚硝酸盐和亚硝胺，长期食用这类食品可引发肿瘤，并可导致高血压、溃疡和胃炎，增加肾负担。
蜜饯,亚硝酸盐,1,话梅蜜饯类食品含亚硝酸盐、防腐剂、香精。
猪肉,瘦肉精,1,此外，在美国、加拿大等国，养猪喂牛时用某些种类的瘦肉精是被法律允许的，而我国法律禁止瘦肉精用于养殖，含有瘦肉精的猪肉进不了中国市场。
牛奶,喹诺酮类,1,　　黄春：牛奶中兽残通常有磺胺类、喹诺酮类、青霉素类、激素类等。
牛奶,三聚氰胺,1,　　2008年，是奶牛数量和牛奶产量增加的高峰，但却也是一个奶业的逆转点，“三聚氰胺”事件让山东奶业受到重击的同时集体进入转型期。
生鲜乳,三聚氰胺,1,尤其是三聚氰胺事件后，农业部加强了奶业奶站的管理，还实施了生鲜乳质量安全监控计划，计划实施5年来监测样品批次9.6万批，三聚氰胺检测合格率为100%。
蛋糕,脱氢乙酸,1,防腐剂超标的还有北京源丰圆食品制作中心分厂生产的香蕉味蛋糕，其脱氢乙酸及其钠盐超标，脱氢乙酸及其钠盐也是一种食品防腐剂。
果丹皮,苯甲酸,1,　　果丹皮 未标注 2014/03/12 兴隆县长达食品有限公司 苯甲酸及其钠盐
小米辣,二氧化硫,1,　　小米辣 贵三红 2013/09/01 贵州遵义县贵山红辣椒系列食品厂 二氧化硫残留量
面包,脱氢乙酸,1,　　主食面包(香醇乳酪) 缘多 2014/05/16 北京市缘多食品有限责任公司 脱氢乙酸及其钠盐、防腐剂
面包,菌落总数,1,　　法棍面包 未标注 2014/05/13 北京金马欧兰食品有限公司 菌落总数
馒头,菌落总数,1,　　风味馒头 天顺武亿丰 2014/05/15 北京武亿丰食品有限公司 菌落总数
泡椒凤爪,山梨酸,1,不过，在防腐剂测试中，从岳各庄市场熟食区一摊位购买的某品牌泡椒凤爪(生产日期2014年8月7日)，防腐剂山梨酸含量为0.12g/kg。
花生,黄曲霉毒素,1,　　黄曲霉素B1存在于土壤、动植物、各种坚果中，容易污染花生、玉米、小麦等粮油作物，尤其是霉变的花生容易产生黄曲霉毒素。
面包,大肠杆菌,1,　　另一方面，嘉义县卫生局抽验超商的“即食、熟食”食品，包括便当、凉面、三明治、寿司、饭团、面包及沙拉等，在抽验的50项食品中，有六项检测出大肠杆菌群(Coliform Group)不符合规定。
大饼,发霉,1,　　《一袋家乐鸡精俩生产日期》、《永辉卖大饼“一天”就发霉》、《山楂饼生产日期疑被篡改》、《永辉售啤酒竟有俩保质期》……
酒类,塑化剂,1,　　进口酒类 法国多批进口酒塑化剂超标
茶叶,瘦肉精,1,其中，蔬菜、茶叶、畜禽产品和水产品监测合格率分别为95.2%、96.4%、99.4%和94.8 %，畜产品“瘦肉精”监测合格率99.9%。
花生,过氧化值,1,　　2015年9月，北京市食药监局抽检出4批次花生过氧化值超标。
腌制食品,亚硝酸盐,1,亚硝酸盐是一类较强的致癌物，容易出现在泡菜等腌制食品中。
咸菜,亚硝酸盐,1,不论泡菜还是咸菜，腌制后1~3天是亚硝酸盐含量最高的时期，此时间段含量呈现递增态势;从第3天开始，泡菜中的亚硝酸盐会逐渐下降并趋于一个相对稳定的数值，这一过程需要15天左右。
花生,黄曲霉毒素,1,不管是花生、大豆还是油菜籽，都有被黄曲霉毒素侵染的可能，在油的精炼过程中，大多数黄曲霉毒素会被去掉，而自榨油不进行精炼，超标可能性就很大。”
白酒,塑化剂,1,    国家卫生计生委27日发布白酒产品中塑化剂风险评估结果，结果显示白酒产品中邻苯二甲酸二(2-乙基己基)酯(DEHP)和邻苯二甲酸二丁酯(DBP)的含量分别在5mg/kg和1mg/kg以下时，对饮酒者的健康风险处于可接受水平。
蛋糕,发霉,1,“我和孩子之前已经吃了好几袋了，所以我担心之前吃过的蛋糕也有发霉的情况。”
辣椒粉,瘦肉精,1,　　此外，还有5批样品被检出含违法添加的非食用物质，其中有4批速冻牛羊肉卷(片)检出“瘦肉精”，有1批辣椒粉检出罗丹明B。
臭豆腐,硫酸亚铁,1,     　　日前，有消息称我市黄金台郑记猪脚连锁店销售的臭豆腐涉嫌添加工业用硫酸亚铁。
铁观音,稀土,1,福建省安溪县长兴茶厂生产的铁观音，因稀土超标被检不合格。
茶叶,稀土,1,　　标注常州开古茶叶食品有限公司生产的开古袋泡红茶(110克/袋20140301)，标注武夷山市正峰茶叶有限公司、武夷山三霖投资开发发展有限公司联合出品大红袍(50克/罐2012年9月1日)及标注光山县韩氏茶叶有限责任公司生产的盛华龙井茶(80克/2014.05.08)等4批次茶叶稀土含量超标，实测值分别是6.3mg/kg、6.0mg/kg、6.9mg/kg、4.2mg/kg，标准值为≤2mg/kg，后两者感官品质项目也不合格。
面制品,铝,1,　　这次的新国标，在一些添加剂的要求上更加严格，最明显的就是缩小了铝添加剂的使用范围，只在特定的“面糊、裹粉、煎炸粉、油炸面制品”等中使用，并规定了铝的最大残留量，以此来减少铝的摄入量。
包装饮用水,菌落总数,1,国内水行业资深专家、清华大学环境科学与工程系教授王占生表示，新国标取消菌落总数等指标，并不会对包装饮用水的品质造成影响。
香肠,山梨酸,1,     　　据香港《星岛日报》网站报道，一款预先包装的台湾香肠怀疑含有不准在香肠中使用的防腐剂山梨酸，香港食品安全中心已指令业界立即停止出售。
铁观音,稀土,1,但如果这铁观音里稀土超标，香茶入口恐怕就只剩下担心了。
饮用纯净水,铜绿假单胞菌,1,　　2.桶装水不合格8批次,分别是：河津市天露纯净水厂生产的桶装饮用纯净水、万荣县绿清源桶装纯净水厂生产的饮用纯净水、霍州市霍山水业有限公司生产的桶装饮用水、运城市稷王山水厂生产的饮用纯净水、临汾市尧都区星星安吉尔纯净水加工厂生产的安吉尔纯净水、临汾市洁永达水处理设备有限公司生产的饮用纯净水、稷山县黄花源饮用水有限公司生产的黄花源饮用纯净水和运城市盐湖区解州关圣纯净水厂生产的饮用纯净水中检出铜绿假单胞菌。
大米,发霉,1,部分大米已经结块发霉
花生,黄曲霉毒素,1,　　据悉，黄曲霉素B1存在于土壤、动植物、各种坚果中，容易污染花生、玉米、小麦等粮油作物，尤其是霉变的花生容易产生黄曲霉毒素。
腐竹,吊白块,1,腐竹是许昌市具有传统优势的农产品之一，倍受消费者的广泛关注，前几年由于“吊白块”的影响，严重损害了许昌腐竹的形象，也制约了许昌市腐竹行业的发展。
米粉,铅,1,　　亨氏米粉事件—铅超标
鱼干,发霉,1,不同口味的鱼干也不例外，但是发霉的鱼干可就是“垃圾食品”了。
花生,过氧化值,1,其中，京顺美廉美仁和超市内检出“香QQ”香辣花生过氧化值及酸价超标。
白酒,塑化剂,1,最明显的就是2012年塑化剂风波出现在四季度,当年年报显示,在白酒销售旺季的第四季度,实现净利润额仅有3686.13万元,环比下降81.32%。
豆制品,亚硝酸盐,1,　　2015年第一季度，由非食品生产加工经营行为引起的事件，主要暴发场所是家庭，其监测起数、患病人数分别占其86.1%和57.3%，死亡10人由家庭自制豆制品不当、误食误用亚硝酸盐、面米制品加工不当以及不明原因等导致。
臭豆腐,亚硝酸盐,1,　　(二)非食品生产加工经营行为引起的食源性疾病暴发事件中，主要发生在家庭(86.1%)，主要原因为对菜豆、草乌等有毒植物加工不当、误食桐子和烹饪面米食品、蔬菜时误用亚硝酸盐;5起死亡事件共死亡10人，其中，自制臭豆腐中肉毒毒素中毒1人，误食亚硝酸钾2人，不明原因7人(自制发酵玉米面制品中4人、卤猪脚2人、炒菜1人)。
猪肉,瘦肉精,1,　　2、猪肉中含有“瘦肉精”会有什么危害?
酱油,发霉,1,夏天，酱油很容易长出一层白膜，这是由于一种叫产膜性酵母菌污染了酱油后引起酱油发霉的现象，食后对人体有害，所以不能食用长了白膜的酱油。
辣椒粉,苏丹红,1,　　另外一类是鉴别辣椒粉是不是加入了苏丹红，可拿一个容器，取一点辣椒粉放进去，然后加一点我们家里做菜用的食用油，把油加进去搅拌一下，放一放，过几个小时后再来看看，假如颜色很红，那就提示辣椒粉可能加了苏丹红，如果颜色变化不大，那就说明辣椒粉没有加入苏丹红。
鱼类,铅,1,各江河湖海水域极易受到农药以及含有汞、铅、铜、锌等金属废水、废物的污染，从而导致生活在这些水域环境中的鱼类也受到侵害，使一些鱼类生长不正常，如头大尾小、眼球突出、脊椎弯曲、鳞片脱落等。
白酒,塑化剂,1,　　例如,曾引发沸沸扬扬热议的“含三氯生牙膏致癌”,就算每天吃一管牙膏也没有安全风险；按照目前曝光的草莓中乙草胺最高值计算,每天都吃一公斤草莓也不碍事；曾检出塑化剂的白酒,每人每天喝一公斤,也达不到耐受值。
牛百叶,罂粟壳,1,　　在6月18日上午的全省食品安全监管信息通报会上，省公安厅通报了西安市何某等人生产销售不符合食品安全标准的食品(包子)案、榆林市侯某生产销售有毒有害鱿鱼、牛百叶、毛肚案和延安市杨某生产销售伪劣产品案、汉中市何某生产销售有毒有害食品案、延安市寇某添加罂粟壳制售“毒火锅”案5起食品安全犯罪典型案例。
蜂蜜,铝,1,经检测，假蜂蜜中铝的残留量严重超标。
调味品,甜蜜素,1,　　抽检调味品30批次，样品检验项目合格的29批次，不合格样品1批次，标称为西安市佳香调味品食品有限公司生产的鸡精调味料，不合格的原因是检出品质指标谷氨酸钠和呈味核苷酸二钠不达标、超限量使用食品添加剂甜蜜素。
白酒,甜蜜素,1,企业员工如发现乳制品和白酒生产企业有使用非食用物质和非食品原料生产食品，违法制售、使用食品非法添加物，或者使用回收食品作为原料生产食品;收购不合格原料奶或白酒生产非法添加甜蜜素等;生产、经营变质、过期、混有异物、掺假掺杂伪劣食品;伪造食品产地或者冒用他人厂名、厂址，伪造或者冒用食品生产许可标志或者其他产品标志生产经营食品;违反食品安全标准规定超范围、超剂量使用食品添加剂以及其他涉及食品和食品添加剂等产品安全的违法行为，鼓励企业员工积极向食品药品(市场)监管部门举报，一经查实，食品药品(市场)监管部门将按照
胡萝卜,铅,1,胡萝卜最适合解决由于铅、汞超标的化妆品或饮食中铅汞引起的黄褐斑、蝴蝶斑等皮肤问题。
肉制品,菌落总数,1,　　在国家食药总局公布的近80个不合格肉制品中，江苏仅有南京一种，来自于某超市清凉门连锁店，不合格的肉制品是掌中宝(鸭爪、鸭肠、鸭心)，不合格项目是菌落总数超标。
豆制品,发霉,1,在历经铺乡一处豆制品小作坊里，不到100多平方米的加工场所内，锅炉里的火燃得正旺，蒸汽直冲屋顶，地面上随意堆放着半成品和已经浸泡好的发霉的黄豆，装豆腐的盒子没有经过任何隔离从地上湿哒哒的摞起来，并且已经发黑发黄，烧锅炉的煤和豆制品材料随意放在一旁，各种增重、除泡的添加剂堆放在角落，加工设备是连出厂信息也没有的三无产品，地面污水横流，装满豆腐渣的塑料缸里发出阵阵臭味，几十只苍蝇正嗡嗡作响，作坊旁一条水沟已发黑发臭，这正是我县部分豆制品作坊的真实写照。
白酒,塑化剂,1,例如在2012年“白酒塑化剂”事件中，质监部门认为白酒检测中没有塑化剂的最高限值标准，而卫生部门制定的食品安全标准中已经有针对塑化剂的一系列要求，两者衔接不畅导致监管“真空”。
生鲜乳,菌落总数,1,而2010年6月施行的新版《生鲜乳收购标准》(即新国标)则把每100克生乳蛋白质含量下限从2.95克降到2.80克，菌落总数上限已改为每毫升200万个。
面包,脱氢乙酸,1,有的面包包装上注明的防腐剂有丙酸钙、脱氢乙酸钠两种，而保质期较长的某品牌法式软面包含有硬脂酰乳酸钙、脱氢乙酸钠、山梨酸钾等多种防腐剂。
饼干,焦亚硫酸钠,1,例如BakeZyme® HDB BG韧性饼干面团专用酶制剂，能减少或替代化学品焦亚硫酸钠在饼干面团制作中的添加，同时改善饼干产品的结构和味道，提供更加安全的酶制剂解决方案。
味精,铅,1,　　今年5月，印度北方邦食品监管机构在食品安全例行检查中发现，一些“美极”方便面含味精且铅超标。
辣条,菌落总数,1,　　近日，国家食药监总局组织抽检“辣条”产品，抽检结果显示部分产品存在超范围、超限量使用防腐剂、色素以及菌落总数超标等问题。
馒头,瘦肉精,1,河南的“瘦肉精事件”、震惊全国的“三鹿毒奶粉事件”、上海超市的“毒馒头事件”… …层出不穷的食品安全事故，一次又一次地击破社会的道德底线。
米粉,铅,1,　　中国食品追溯讯   日前亨氏米粉陷入食品安全风波，部分批次产品被检出铅超标。
饮用纯净水,菌落总数,1,　　北京市食药监局信息显示，标称为北京娃哈哈桶装水高碑店有限责任公司生产的娃哈哈饮用纯净水以及标称为北京圣水食品有限责任公司生产的怡宝饮用纯净水均被检出菌落总数超标。
饮用纯净水,菌落总数,1,北京市食药监局近日公布18种食品不合格全市下架，其中包括“馨康乐”饮用纯净水在内的8种桶装水，菌落总数全部超标。
乳品,三聚氰胺,1,自2008年“三聚氰胺”毒奶粉事件爆发以来，国产乳品面临严重的消费信任危机。
米粉,铅,1,　　记者从浙江省食品药品监督管理局获悉，在近期浙江省食药监局组织在全省开展专项清查在此前抽检中发现严重铅超标的的亨氏米粉，已经查封614盒问题批次产品。
米粉,铅,1,家乐福香樟店在售的亨氏“AD钙高蛋白营养米粉”则也存在一个批次(20140525、400g/盒)产品，虽然这些产品不是上述被查同批次米粉，但消费者仍表示有些担心：这些产品是否也有铅超标?
米粉,铅,1,　　近日，杭州监管局抽检时发现亨氏AD钙高蛋白营养米粉铅超标，这一事件使得“百年历史 誉满全球”的亨氏形象大跌眼镜，也重创了中国消费者对洋品牌食品企业的信任。
面制品,铝,1,信息显示，河北省餐饮单位面制品铝超标问题仍然比较严重。
高粱酒,甜蜜素,1,　　在大满贯酒坊全国连锁定州分店计量销售的枣酒样品甲醇含量超标，同时，在该店计量销售的高粱酒样品中检出不得添加项目甜蜜素。
高粱原浆酒,甜蜜素,1,在廊坊市广阳区爱民东道蔬源蔬菜批发市场魏记烧锅计量销售的高粱原浆酒样品检出甜蜜素。
米粉,铅,1,　　中国食品网讯 针对杭州方面抽检出铅超标米粉，亨氏中国昨天表示，公司已主动召回4批次相关产品，同时消费者已购买并拆封的产品也可免费退换货。
米粉,铅,1,　　中国食品网讯 日前，国际知名婴幼儿食品企业亨氏生产的“AD钙高蛋白营养米粉”在浙江被检出严重铅超标，随后亨氏在全国对部分涉事批次米粉启动召回行动。
米粉,铅,1,　　中国食品网讯 日前，杭州市市场监督管理局在抽检中，发现亨氏联合有限公司(以下简称“亨氏公司”)生产的AD钙高蛋白营养米粉严重铅超标。
大米,三聚氰胺,1,　　我们希望生活在一个食品安全人人放心的时代，大米没有重金属超标，食用油原料没有地沟油，奶粉里不会掺三聚氰胺，蔬菜没有农残超标。
馒头,瘦肉精,1,今天，济南市食品药品监管局通报第三季度牛羊肉和馒头专项评价性抽检结果，显示馒头合格率达100%，部分生牛羊肉含有“瘦肉精”。
猪肉,胭脂红,1,经市产品质量监督检验所检验，“猪肉里脊肉”被查出含胭脂红成份。
肉制品,菌落总数,1,　　据介绍，传统作坊式牛肉干生产主要靠太阳晒、烧土炕烘，生产的牛肉干品质次、污染严重，与现代肉制品加工工艺生产的产品比较，缺乏无菌包装条件，容易造成菌落总数超标。
牛奶,三聚氰胺,1,与养殖户添加三聚氰胺意在提高原奶的蛋白含量不一样的是，牛奶中若是“黄曲霉素超标”是奶牛养殖链条上任何利益方均不愿看到的，而且也无经济上谋利的冲动。
米粉,铅,1,央广网北京8月22日消息 据中国之声《新闻纵横》报道，近日，杭州市有关部门在食品抽检中，发现亨氏公司生产的AD钙高蛋白营养米粉严重铅超标。
馒头,三聚氰胺,1,     　　“病死猪”“染色馒头”“三聚氰胺”“毒生姜”“过期卤制品回炉”……
年糕,发霉,1,可常温保鲜真空包装的年糕，在黄梅季节特别容易发霉，如今，原来在年糕中可以使用的防腐剂已被禁止使用。
乳品,三聚氰胺,1,次年，三聚氰胺事件爆发，波及包括光明在内的多家乳品企业。
米粉,铅,1,　　【食安中国网讯】浙江省杭州市市场监管局在2014年2季度流通环节食品抽检中，发现标称为亨氏联合有限公司生产的AD钙高蛋白营养米粉(商标：亨氏;规格型号：400g/盒;生产日期/批号：20140413;)严重铅超标。
猪头肉,工业明胶,1,在掌握基本犯罪事实后，烟台市开发区公安、食药监、质监、畜牧、盐务等部门联合对目标“黑作坊”实施突击检查，现场抓获犯罪嫌疑人12名，查获大量工业明胶、工业盐、明矾、亚硝酸钠、苯甲酸钠红曲粉等有毒有害非食品添加剂原料、5吨产地智利的生猪头及一车间刚生产加工完的熟食猪头肉。
烤鱼片,发霉,1,在生产中采用动态杀菌技术，可有效提高烤鱼片的卫生安全质量、预防食品发霉变质等问题的发生。
肉制品,稀土,1,　　为了使违规使用滥用食品添加剂行为、使用不合格原料等行为得到有效控制，肉制品质量明显提高，近日，包头稀土高新区质监局集中力量开展“百日安全”专项行动，对辖区内的肉制品生产企业和加工小作坊进行了拉网式检查，通过百日专项整治行动。
猪肉,瘦肉精,1,　　近几年频繁出现的“病死猪”事件，“瘦肉精”事件包括之前的“福喜臭猪肉”事件都是降低消费者信誉度的行为，养殖户虽然觉得有些冤，但坚持走“正道”，肯定是能走出头的。
火腿,亚硝酸盐,1,　　速测火腿亚硝酸盐
小米辣,二氧化硫,1,　　合格的泡小米辣中，每100克食盐含量≤14克，每千克二氧化硫残留量≤0.1克。
猪头肉,日落黄,1,去年，张某得知在烧猪头肉的时候，往锅里添加叫“日落黄”的色素能改善色泽。
糕点,日落黄,1,日落黄可用于果汁饮料、碳酸饮料、配制酒、糖果、糕点等食品，但用量受到严格限制，同时“日落黄”未被允许添加至生鲜肉中。
味精,亚硝酸盐,1,　　一旦发现餐饮服务单位采购、贮存、使用亚硝酸盐，一律吊销其餐饮服务许可证;对发现的亚硝酸盐，以及来源不明、无标识、外观类似亚硝酸盐且不能证实是食盐、味精、白糖的，要监督其就地销毁。
肉制品,亚硝酸盐,1,亚硝酸盐(包括亚硝酸钠和亚硝酸钾)是肉类制品加工中常用的食品添加剂，我国《食品添加剂使用标准》(GB2760-2011)规定了亚硝酸盐可作为护色剂、防腐剂，用于腌腊肉制品、酱卤肉制品生产加工。
豆制品,工业染料,1,　　台“食药署研检组长”陈惠芳表示，芊鑫豆制品乳化剂证实含工业染料二甲基黄，为审慎起见，使用当初揪出铜叶绿素的仪器“高分辨率液相层析质谱仪”再做细部检验，竟发现还有另一种未知的黄色色素，追查近两周，昨天终于找出是与二甲基黄结构相似的“二乙基黄”。
手撕肉条,菌落总数,1,　　国家食药监总局官网上周公布了最新食品安全监督抽检，25批次食品不合格，漳州市珍桂食品有限公司生产的知名“来伊份”手撕肉条菌落总数超标，山东百纳威酒业有限公司等10家企业还被责令停产停业。
蜂蜜,大肠杆菌,1,　　“聚庆斋”的蜂蜜糕被检出大肠杆菌和残留量超标，哈药集团黑龙江同泰药业有限公司的多种维生素钙片被检出维生素A含量仅为0.72mg/100g，远低于国家限制值6.1mg/100g-12.2mg/100g。
米粉,菌落总数,1,　　摘 要：本文对湿米粉中菌落总数不确定度进行评定，确定每批样品中菌落总数的置信区间。
米粉,二氧化硫,1,    执法人员立即调来食品安全快速检测设备，经快速检测，发现其中一袋添加剂疑似为有毒物质硼砂，米粉样品也发现二氧化硫、硼砂超标，有待送检验机构作进一步检验。
面粉,发霉,1,三招鉴别发霉面粉
酱油,黄曲霉毒素,1,黄曲霉毒素对人体具有一定的危害性，因此，国家对其在食品中的含量作了严格规定，自2003年8月1日起，凡在我国境内从事米、面、油、酱油、醋生产加工的企业，其产品须经检验合格后方可上市。
小麦粉,黄曲霉毒素,1,国家质检总局发布的《关于印发小麦粉等5类食品生产许可证实施细则的通知》中明确规定，黄曲霉毒素B1必须检测。
饮用纯净水,铜绿假单胞菌,1,长治市供水总公司辛安泉离子水分公司生产的饮用纯净水检出铜绿假单胞菌，检出值为n1=0，n2=0，n3=0，n4=27，n5=0（CFU/250mL），标准规定为n=5，c=0，m=0（CFU/250mL）。
肉制品,山梨酸,1,肉制品1批次：太原市尖草坪区鼎跃食品有限公司生产的猪蹄山梨酸及其钾盐、防腐剂混合使用时各自用量占其最大使用量比例之和超标，山梨酸及其钾盐检出值为0.502g/kg，标准规定为≤0.075g/kg；防腐剂混合使用时各自用量占其最大使用量比例之和检出值为6.8，标准值为≤1。
饮用纯净水,铜绿假单胞菌,1,4.定远县明凤山泉饮用纯净水厂生产的明凤山泉饮用纯净水（生产日期/批号：2017/10/9)，铜绿假单胞菌检出值为88;94;114;109;108CFU/250mL，标准规定为n=5,c=0,m=0CFU/250mL。
韭菜,腐霉利,1,1、安徽欧尚超市有限公司马鞍山花雨店经营的韭菜，腐霉利项目不合格，检验结果为“0.26mg/kg”，标准值为“≤0.2 mg/kg”，检验机构为安徽省公众检验研究院有限公司。
筷子,大肠菌群,1,4、皖江职业教育中心学校第一餐厅使用的筷子，大肠菌群项目不合格，检验结果为“检出”，标准值为“不得检出”，检验机构为安徽中青检验检测有限公司。
勺子,大肠菌群,1,5、马鞍山市煜福园餐饮服务有限责任公司使用的勺子 ，大肠菌群项目不合格，检验结果为“检出”，标准值为“不得检出”，检验机构为安徽中青检验检测有限公司。
银耳,二氧化硫,1,公告显示，不合格食品中3批次蔬菜制品检出二氧化硫超标，包括漳州市芗城区福福旺食品商行2017年10月22日经营的特级白木耳（非即食）（散装）、福建吉马经贸有限公司荣昌购物广场2017年10月21日经营的散装白木耳干（非即食银耳）和龙海市龙洲岛内价购物广场有限公司2017年10月16日经营的特级金针（散装非即食）。
肉制品,沙门氏菌,1,格里略说，一些过期肉制品已经出口至欧洲，另有4个集装箱的BRF所产含有沙门氏菌的不合格肉于2016年被意大利海关拦下，没有进入市场。
油条,铝,1,在河南，“包子油条胡辣汤，油饼肉盒水煎包”是常吃的早点，但油炸食品发面时所用到的膨松剂含有铝成分，过量使用将危害食客的健康。
面制品,铝,1,如何辨别含“铝”面制品
馒头,铝,1,最常见的包子和馒头，加了含铝食品添加剂的成品，看起来比较蓬松，掰开以后看发酵的气孔，蜂窝较大;颜色会发白，个头也比较大，一捏就扁不易还原。
糕点,霉菌,1,近日，本报记者从国家食品药品监督管理总局官网获悉，广西壮族自治区食品药品监督管理局组织抽检糕点、速冻食品等2类食品109批次样品，抽样检验项目合格样品100批次，不合格样品9批次，其中桂林市金桂丰食品有限公司生产的冰皮罗汉果糕霉菌超标92倍，检验机构均为广西-东盟食品药品安全检验检测中心。
面包,菌落总数,1,上榜理由：作为国内休闲食品龙头企业，达利集团旗下明星产品达利园法式软面包近期被曝菌落总数超标186倍，或成为其上市以来的最大危机。
脱水胡萝卜,胭脂红,1,菏泽嘉宏脱水食品有限公司销售的标称菏泽嘉宏脱水食品有限公司生产的脱水胡萝卜A01(辐照食品)，胭脂红及其铝色淀(以胭脂红计)检出值为0.0085 g/kg。
蔬菜干制品,胭脂红,1,《食品安全国家标准 食品添加剂使用标准》(GB 2760—2014)中规定，蔬菜干制品中不得使用胭脂红。
牛奶,三聚氰胺,1,“这就相当于2008年的三聚氰胺事件，后来的事实显示，是部分散养奶牛的农户在牛奶中添加大量非法成分、而企业的检测条件有限造成的。
蜂蜜,氯霉素,1,黄山市黄山区天润发超市有限公司经销的标称为芜湖华莲蜂园有限责任公司生产的蜂蜜(婴儿适用)，检出氯霉素;
老式面包,菌落总数,1,石台华星商贸有限公司天方超市分公司经销的标称肥东聚富食品厂生产的老式面包，菌落总数超标。
酒类,甜蜜素,1,此次抽检的45批次酒类中，有3批次产品含有甜蜜素。
包装饮用水,铜绿假单胞菌,1,铜陵市碧泉饮品有限公司生产的碧捷包装饮用水，铜绿假单胞菌不合格。
豆制品,山梨酸,1,1批次豆制品山梨酸超标
调味品,大肠菌群,1,1.牡丹江市祥源调味品酿造厂生产的祥源豆瓣酱大肠菌群指标超标。
酱油,氨基酸态氮,1,2.黑龙江省雁窝岛集团宏启酱醋厂生产的特鲜王酱油氨基酸态氮指标不达标和铵盐(以占氨基酸态氮的百分比计)指标超标。
调味品,氨基酸态氮,1,而氨基酸态氮是调味品的重要品质指标之一，主要用于判断调味品的发酵程度，衡量调味品的品质和鲜度。
白酒,甜蜜素,1,11月28日，山西省食药监局发布《山西省食品药品监督管理局2016年食品安全监督抽检信息公告（第40期）》，通报了9批次食品不合格，其中山西省河曲县楼子营香山酒厂生产的2批次白酒检出甜蜜素。
酒类,甜蜜素,1,2批次酒类检出甜蜜素
饮用纯净水,铜绿假单胞菌,1,标称运城市风陵渡开发区生活向导广告中心销售的标称润之源食品饮料有限公司生产的饮用纯净水、标称运城市风陵渡开发区恒德纯净水饮料厂生产的饮用纯净水、标称左云县隆鑫泉食品加工有限责任公司生产的雁云山泉水、标称山西千百度饮业有限公司生产的饮用纯净水检出铜绿假单胞菌。
面包,菌落总数,1,其中云南达利食品有限公司生产的达利园法式软面包，菌落总数超过国家标准186倍！
蜜饯,甜蜜素,1,《食品添加剂使用标准》（GB2760-2014）则规定，甜蜜素在蜜饯凉果中的最大使用量为1.0g/kg。
花生,大肠菌群,1,　　苹果花园旗舰店在天猫（网站）销售的标称上海欧博食品有限公司生产的花生牛轧糖，大肠菌群检出值为750MPN/100g。
锅巴,大肠菌群,1,　　三义食品专营店在天猫（网站）商城销售的标称湖北卧龙神厨食品股份有限公司生产的卧龙锅巴（老灶）麻辣味，大肠菌群检出值为20、25、15、30、20 CFU/g。
薯条,乙二胺四乙酸二钠,1,　　禹州市紫烨红食品有限公司销售的标称禹州市紫烨红食品有限公司生产的红心薯条，乙二胺四乙酸二钠检出值为0.47g/kg。
白酒,氰化物,1,　　长期饮用氰化物超标的白酒，会给人体的健康带来危害。
香肠,工业明胶,1,工业明胶成香肠“佐料” 涉案总金额近亿元
猪肉,工业明胶,1,用病死猪肉制作熟食、使用工业明胶冒充食用明胶……
油条,铝,1,无独有偶，当地另一小吃经营者梁某制作的油条中，铝含量竟然高达318.6mg/kg，超过国家标准3倍多。
蜜饯,滑石粉,1,    根据GB 2763-2014《食品安全国家标准食品中最大残留限量》规定，滑石粉作为抗结剂，只允许使用于蜜饯凉果类食品中的凉果、话化类食品，熟制坚果与籽类等炒货食品中不允许使用滑石粉。
蜜饯,乙二胺四乙酸二钠,1,    根据我国《食品安全国家标准食品添加剂使用标准》（ GB 2760-2014）规定蜜饯凉果中的果脯类（仅限地瓜果脯）使用乙二胺四乙酸二钠（最大使用量为0.25g/kg），其他类别的蜜饯凉果类不得使用。
牛肉,山梨酸,1,(一)聚美宝京东全球购专营店在京东(网站)全球购销售的标称原产自美国Costco Wholesale Corporation生产的kirkland牛肉条，山梨酸检出值为0.88g/kg。
牛肉,菌落总数,1,(二)食之趣进出口贸易(上海)有限公司在1号店(网站)商城销售的标称产自中国香港颂巢食品(香港)有限公司生产的香辣手撕牛肉片，菌落总数检出值为11000CFU/g。
肉制品,大肠菌群,1,(三)杏花楼官方旗舰店在1号店(网站)销售的标称上海杏花楼食品有限公司生产的咸鸡(酱卤肉制品)，大肠菌群检出值为930MPN/100g。
猪肉,菌落总数,1,(四)麦卡休闲食品专营店在京东(网站)销售的标称晋江力绿食品有限公司生产的猪肉片(香辣味)，菌落总数检出值为160000CFU/g。
火腿,过氧化值,1,寿都密码食品专营店在苏宁易购销售的标称江苏长寿大红门食品有限公司生产的如皋火腿，过氧化值检出值比标准高出3.7倍。
酒类,大肠菌群,1,近日，陕西省食品药品监督管理局对饮料、方便食品、酒类、食用油、乳制品等21类130批次样品进行抽检，发现不合格样品6批次，主要涉及产品质量不达标、大肠菌群超标等问题。
豆制品,山梨酸,1,1. 豆制品不合格样品1批次：中国黑龙江省克东县人和春腐乳有限责任公司生产的红腐乳山梨酸指标超标。
花生,二氧化硫,1,7.炒货及坚果制品：诸城市天福食品有限公司生产的1批次卤花生中二氧化硫项目不合格;高唐县亨通食品有限公司生产的1批次咸干花生中二氧化硫项目不合格。
蜂蜜,氯霉素,1,京东（网站）小树家销售的标称宁波市新康蜂业有限公司生产的雷允上蜂蜜，氯霉素检出值为0.543μg/kg。
烤鱼片,菌落总数,1,除电商平台外，检出的不合格食品还包括大连沃尔玛百货有限公司销售的标称大连三山岛海产食品有限公司生产的烤鱼片和美味鱼片（香烤味）菌落总数超标。
金桔,乙二胺四乙酸二钠,1,广东亿心食品工业有限公司生产的“冰糖金桔”被抽检出违规使用乙二胺四乙酸二钠食品添加剂，抽检结果为“乙二胺四乙酸二钠‖0.40g/kg‖”。
臭豆腐,硫酸亚铁,1,南京一家豆腐作坊生产臭豆腐时，添加了一种叫硫酸亚铁的物质。
馒头,铝,1,此次抽验中，铝残留量超标问题突出，有19批次的面制食品铝残留量指标超过标准规定，其中常熟市碧溪新区碧溪东路一家馒头店出售的肉馒头铝的残留量检测值达796 mg/kg，超过标准量近七倍。
银耳,二氧化硫,1,在5种不合格食品中，由福建古田兴宇食用菌批发商行提供的银耳二氧化硫超标最明显，达到了标准值最高限的19倍。
花生,金黄色葡萄球菌,1,在市食品安全办今天通报的8种不合格食品中，花生就占了4种，其中一种“香飘飘”花生还检出了致病菌金黄色葡萄球菌。
花生,过氧化值,1,此外，执法人员还发现，好邻居连锁便利店百子湾五分店销售的、标称威海三昌食品有限公司（中日合资）生产的脆皮花生，朝来万通市场5排3号摊商销售的“恒领”满口香（裹衣花生）过氧化值超标。
白酒,塑化剂,1,原来香料厂不惜花大价钱更换包装桶检测塑化剂，其实是和白酒塑化剂事件直接相关，添加剂中如果溶解了塑化剂，那么就有可能迁移进白酒中。
生鲜乳,瘦肉精,1,    据介绍，经过历时5个月的深入治理整顿，该省食品行业四大类重点产品安全水平进一步提高，其中原料乳生产收购秩序更加规范，生鲜乳检测合格率100％，没有发生生鲜乳质量安全重大事故；私屠滥宰、病死肉、注水肉现象得到有效控制，全省719家生猪定点屠宰企业完成自查，265家提交整改申请，212家被取消定点屠宰资格，生猪抽检尿样未发现“瘦肉精”呈阳性问题；蔬菜生产中违规使用农药问题得到有效控制，蔬菜农残合格率98％以上。
绿茶,滑石粉,1,用明矾让瓜子不“哈”，用滑石粉石蜡“美容”，“绿茶瓜子”其实与茶没有一点关系……
馒头,塑化剂,1,食品“染色”事件并非今日才有，之前就发生过酒水塑化剂、染色馒头等食品安全问题。
酸菜,二氧化硫,1,3 坝上酸菜 冀兴和 500g/袋 2012.11.1 张北县民利食品有限公司 二氧化硫
生鲜乳,三聚氰胺,1,三聚氰胺之后，全国开始重点整治和规范生鲜乳的收购。
薯条,二氧化硫,1,    这4批食品分别是标称北京味客隆工贸有限公司生产的“味客隆”炖肉香料，标称福建龙岩市龙汉食品有限公司生产的3批无商标的散装薯片、薯条、薯仔，最多的一种食品所含的二氧化硫实测值是标准值的6.9倍多。
红茶粉,苋菜红,1,据了解，苋菜红是红褐色或暗红色的粉末或颗粒，是一种合成色素，它出现在不应出现的红茶粉里，成了“调色剂”。
乳品,工业明胶,1,受此次工业明胶传闻影响最大的便是乳品企业，酸奶、老酸奶、果冻再被指涉“废旧皮革明胶”。
白酒,塑化剂,1,2012年11月19日，21世纪网以“致命危机：酒鬼酒塑化剂超标260%”为题报道50度酒鬼酒经上海天祥质量技术服务有限公司检测，其塑化剂含量超标，在白酒行业引起了轩然大波。
酒类,塑化剂,1,就此，酒鬼酒提出异议，认为国家没有针对酒类的标准来规定塑化剂的指标限和检测的标准方法，不能套用现行食品中塑化剂的检测标准。
白酒,塑化剂,1,1）不是人为添加（含量、理由），白酒中发现的塑化剂是一种外源性的迁移污染，该类物质在正常的发酵生产中不会产生。
